=== attempt 1/30 @ 2026-04-16T12:59:10Z ===
[scraper] Template cache loaded and seeded
[scraper] Default profile loaded
[scraper] jQuery source loaded (96410 chars)
[scraper] vm-slide fallback loaded (43688 chars)
[scraper] vData profile loaded from /home/ubun/github.com/tut1vog/reverse-chaosvm/profiles/vdata-browser-default.json
[scraper] Chrome fingerprint profile loaded (59 canonical fields)
[scraper] Init complete
[scraper] Solving CAPTCHA only (no urlsec query)
[scraper] Attempt 1/3
[scraper] Attempt 1/3
[scraper] Step 1: prehandle
[scraper]   sess: s1w5HI2VxVH12DEUIgaa...
[scraper] Step 2: getSig
[scraper]   nonce: eda1152f11f1daf0
[scraper] Step 3: downloadImages
[scraper]   bg: 11456 bytes, slice: 5956 bytes
[scraper] Step 4: downloadTdc
[scraper]   tdc source: 162790 chars
[scraper] Step 4b: fetch tcaptcha-slide.js (HAR entry 6)
[scraper]   tcaptcha-slide.js fetched
[scraper]   TDC_NAME: DkPDkCnAekYMgVghTDOeSKmVZbkVCQUG
[scraper]   Source hash: e2170903e201e018
[scraper]   Template: unknown, opcodes: 93
[scraper]   eks: pBBu56QFegoryytjYIYU...
[scraper] Step 5: solveSlider
[scraper]   rawOffset: 472
[scraper]   ans: 472,30;
[scraper] Step 6: generateCollect
[scraper]   Chrome profile: 60 cd fields (canonical 59, reordered via 60-slot cdFieldOrder)
[scraper]   collect length: 6668
[scraper] Fetching vm-slide from show page HTML: https://t.captcha.qq.com/vm-slide.e201876f.enc.js
[scraper]   Got live vm-slide (43688 chars)
[scraper] Step 7a: caplog pre-verify beacon
[scraper] Step 7: buildVDataForPost (standalone, browser profile)
[scraper]   vData: -Iq3xF474Ut2Kc98LMr5F24umGC0Tn...
[scraper] Step 8: verify
  [verify] using jQuery prebuilt body, length: 8455
  [verify] Referer: https://t.captcha.qq.com/cap_union_new_show?aid=2046626881&protocol=https&accver...
[scraper]   errorCode: -1, ticket: t03tserverZ4DJjBRE3mh-P5FPXmbJ...
[scraper] Step 9: caplog post-verify beacon
[scraper] CAPTCHA solved: {
  errorCode: -1,
  ticket: 't03tserverZ4DJjBRE3mh-P5FPXmbJoQy7_DXMx1feVzF76BCA2BcdreP31my27Z2auUN4y2TL5yHrPZmKjM8DqMQj_EbDww6P1jGxqqY_N0_1KlI0ecvYq4ZyHYkrvw**',
  randstr: '@tzy'
}
{
  "errorCode": -1,
  "ticket": "t03tserverZ4DJjBRE3mh-P5FPXmbJoQy7_DXMx1feVzF76BCA2BcdreP31my27Z2auUN4y2TL5yHrPZmKjM8DqMQj_EbDww6P1jGxqqY_N0_1KlI0ecvYq4ZyHYkrvw**",
  "randstr": "@tzy"
}
---
=== attempt 2/30 @ 2026-04-16T12:59:15Z ===
[scraper] Template cache loaded and seeded
[scraper] Default profile loaded
[scraper] jQuery source loaded (96410 chars)
[scraper] vm-slide fallback loaded (43688 chars)
[scraper] vData profile loaded from /home/ubun/github.com/tut1vog/reverse-chaosvm/profiles/vdata-browser-default.json
[scraper] Chrome fingerprint profile loaded (59 canonical fields)
[scraper] Init complete
[scraper] Solving CAPTCHA only (no urlsec query)
[scraper] Attempt 1/3
[scraper] Attempt 1/3
[scraper] Step 1: prehandle
[scraper]   sess: s1IfCLO7iqviDnuNZIca...
[scraper] Step 2: getSig
[scraper]   nonce: eda1152f11f1daf0
[scraper] Step 3: downloadImages
[scraper]   bg: 24999 bytes, slice: 5729 bytes
[scraper] Step 4: downloadTdc
[scraper]   tdc source: 207422 chars
[scraper] Step 4b: fetch tcaptcha-slide.js (HAR entry 6)
[scraper]   tcaptcha-slide.js fetched
[scraper]   TDC_NAME: GCDJAPicKHeHfOBnnYMEdUgUkTnAhOFV
[scraper]   Source hash: 8f1d32beb4fcaa4d
[scraper]   Template: unknown, opcodes: 96
[scraper]   eks: VKFnGKzK3TWEFlIPApYW...
[scraper] Step 5: solveSlider
[scraper]   rawOffset: 453
[scraper]   ans: 453,50;
[scraper] Step 6: generateCollect
[scraper]   Chrome profile: 60 cd fields (canonical 59, reordered via 60-slot cdFieldOrder)
[scraper]   collect length: 5656
[scraper] Fetching vm-slide from show page HTML: https://t.captcha.qq.com/vm-slide.e201876f.enc.js
[scraper]   Got live vm-slide (43688 chars)
[scraper] Step 7a: caplog pre-verify beacon
[scraper] Step 7: buildVDataForPost (standalone, browser profile)
[scraper]   vData: PtAun2D5V*qO*PtkZzQhzTEIDTNmX1...
[scraper] Step 8: verify
  [verify] using jQuery prebuilt body, length: 7389
  [verify] Referer: https://t.captcha.qq.com/cap_union_new_show?aid=2046626881&protocol=https&accver...
[scraper]   errorCode: -1, ticket: t03tservervV5OpI0zSBGVohr6hbx2...
[scraper] Step 9: caplog post-verify beacon
[scraper] CAPTCHA solved: {
  errorCode: -1,
  ticket: 't03tservervV5OpI0zSBGVohr6hbx2RUCioKySK6-_fxnXcqKcqthARyY0IgfMkLliTQFpw6NYemu5BpW6f_nm8nEbE9TntMnoI530oYvuhi0WPUNoh_iU_sjKiZKWHw**',
  randstr: '@7rs'
}
{
  "errorCode": -1,
  "ticket": "t03tservervV5OpI0zSBGVohr6hbx2RUCioKySK6-_fxnXcqKcqthARyY0IgfMkLliTQFpw6NYemu5BpW6f_nm8nEbE9TntMnoI530oYvuhi0WPUNoh_iU_sjKiZKWHw**",
  "randstr": "@7rs"
}
---
=== attempt 3/30 @ 2026-04-16T12:59:19Z ===
[scraper] Template cache loaded and seeded
[scraper] Default profile loaded
[scraper] jQuery source loaded (96410 chars)
[scraper] vm-slide fallback loaded (43688 chars)
[scraper] vData profile loaded from /home/ubun/github.com/tut1vog/reverse-chaosvm/profiles/vdata-browser-default.json
[scraper] Chrome fingerprint profile loaded (59 canonical fields)
[scraper] Init complete
[scraper] Solving CAPTCHA only (no urlsec query)
[scraper] Attempt 1/3
[scraper] Attempt 1/3
[scraper] Step 1: prehandle
[scraper]   sess: s1iz_aQ6eKSqDX_SRSgg...
[scraper] Step 2: getSig
[scraper]   nonce: eda1152f11f1daf0
[scraper] Step 3: downloadImages
[scraper]   bg: 11490 bytes, slice: 5699 bytes
[scraper] Step 4: downloadTdc
[scraper]   tdc source: 162790 chars
[scraper] Step 4b: fetch tcaptcha-slide.js (HAR entry 6)
[scraper]   tcaptcha-slide.js fetched
[scraper]   TDC_NAME: DkPDkCnAekYMgVghTDOeSKmVZbkVCQUG
[scraper]   Source hash: e2170903e201e018
[scraper]   Template: unknown, opcodes: 93
[scraper]   eks: YBRXDSoTl7MI7WbCy1ox...
[scraper] Step 5: solveSlider
[scraper]   rawOffset: 487
[scraper]   ans: 487,158;
[scraper] Step 6: generateCollect
[scraper]   Chrome profile: 60 cd fields (canonical 59, reordered via 60-slot cdFieldOrder)
[scraper]   collect length: 6540
[scraper] Fetching vm-slide from show page HTML: https://t.captcha.qq.com/vm-slide.e201876f.enc.js
[scraper]   Got live vm-slide (43688 chars)
[scraper] Step 7a: caplog pre-verify beacon
[scraper] Step 7: buildVDataForPost (standalone, browser profile)
[scraper]   vData: z8ALNSl52z0mRoH6yKDIQn*twJKs*X...
[scraper] Step 8: verify
  [verify] using jQuery prebuilt body, length: 8340
  [verify] Referer: https://t.captcha.qq.com/cap_union_new_show?aid=2046626881&protocol=https&accver...
[scraper]   errorCode: -1, ticket: t03tserverNPDfu6EeXiJ4xRBnP7p6...
[scraper] Step 9: caplog post-verify beacon
[scraper] CAPTCHA solved: {
  errorCode: -1,
  ticket: 't03tserverNPDfu6EeXiJ4xRBnP7p6apJW6iu_HbL-UrWS-nrZdyFmWrneLI836oRNGh8nPxF5RmspE6g3BOMGIBtGG-dvFZ5ez1UrF_UTyGa8zRCdd2ZUvsTFcvwo-Q**',
  randstr: '@Z8q'
}
{
  "errorCode": -1,
  "ticket": "t03tserverNPDfu6EeXiJ4xRBnP7p6apJW6iu_HbL-UrWS-nrZdyFmWrneLI836oRNGh8nPxF5RmspE6g3BOMGIBtGG-dvFZ5ez1UrF_UTyGa8zRCdd2ZUvsTFcvwo-Q**",
  "randstr": "@Z8q"
}
---
=== attempt 4/30 @ 2026-04-16T12:59:23Z ===
[scraper] Template cache loaded and seeded
[scraper] Default profile loaded
[scraper] jQuery source loaded (96410 chars)
[scraper] vm-slide fallback loaded (43688 chars)
[scraper] vData profile loaded from /home/ubun/github.com/tut1vog/reverse-chaosvm/profiles/vdata-browser-default.json
[scraper] Chrome fingerprint profile loaded (59 canonical fields)
[scraper] Init complete
[scraper] Solving CAPTCHA only (no urlsec query)
[scraper] Attempt 1/3
[scraper] Attempt 1/3
[scraper] Step 1: prehandle
[scraper]   sess: s17eZscESnQBFm0U7ywQ...
[scraper] Step 2: getSig
[scraper]   nonce: eda1152f11f1daf0
[scraper] Step 3: downloadImages
[scraper]   bg: 25422 bytes, slice: 4735 bytes
[scraper] Step 4: downloadTdc
[scraper]   tdc source: 203186 chars
[scraper] Step 4b: fetch tcaptcha-slide.js (HAR entry 6)
[scraper]   tcaptcha-slide.js fetched
[scraper]   TDC_NAME: UAniMSgbcnMTPUjjGcEVEnBCQgkKHVWS
[scraper]   Source hash: 88ebeea62f566ec5
[scraper]   Source hash not in cache — attempting auto-port via pipeline...
[scraper] Auto-porting unknown template: 88ebeea62f566ec5
[scraper] Auto-port failed for 88ebeea62f566ec5: Command failed: /home/ubun/.nvm/versions/node/v22.17.0/bin/node /home/ubun/github.com/tut1vog/reverse-chaosvm/tools/porting-pipeline/run.js /tmp/tdc-autoport-88ebeea62f566ec5.js --skip-verify

[scraper]   Error: Unknown template (hash=88ebeea62f566ec5), auto-port failed
[scraper] Attempt 2/3
[scraper] Step 1: prehandle
[scraper]   sess: s1SOueybmTu78K8yykFa...
[scraper] Step 2: getSig
[scraper]   nonce: eda1152f11f1daf0
[scraper] Step 3: downloadImages
[scraper]   bg: 27940 bytes, slice: 9180 bytes
[scraper] Step 4: downloadTdc
[scraper]   tdc source: 203186 chars
[scraper] Step 4b: fetch tcaptcha-slide.js (HAR entry 6)
[scraper]   tcaptcha-slide.js fetched
[scraper]   TDC_NAME: UAniMSgbcnMTPUjjGcEVEnBCQgkKHVWS
[scraper]   Source hash: 88ebeea62f566ec5
[scraper]   Source hash not in cache — attempting auto-port via pipeline...
[scraper] Auto-porting unknown template: 88ebeea62f566ec5
[scraper] Auto-port failed for 88ebeea62f566ec5: Command failed: /home/ubun/.nvm/versions/node/v22.17.0/bin/node /home/ubun/github.com/tut1vog/reverse-chaosvm/tools/porting-pipeline/run.js /tmp/tdc-autoport-88ebeea62f566ec5.js --skip-verify

[scraper]   Error: Unknown template (hash=88ebeea62f566ec5), auto-port failed
[scraper] Attempt 3/3
[scraper] Step 1: prehandle
[scraper]   sess: s1D2Krjs-jedBI21JYdE...
[scraper] Step 2: getSig
[scraper]   nonce: eda1152f11f1daf0
[scraper] Step 3: downloadImages
[scraper]   bg: 11515 bytes, slice: 5856 bytes
[scraper] Step 4: downloadTdc
[scraper]   tdc source: 144440 chars
[scraper] Step 4b: fetch tcaptcha-slide.js (HAR entry 6)
[scraper]   tcaptcha-slide.js fetched
[scraper]   TDC_NAME: SlVCfKSRjkmVXRnTigehmWSaDkeUUNfk
[scraper]   Source hash: e5341ccb12b78e65
[scraper]   Template: unknown, opcodes: 96
[scraper]   eks: s5XMD6Akc+xodVUqdi/E...
[scraper] Step 5: solveSlider
[scraper]   rawOffset: 457
[scraper]   ans: 457,30;
[scraper] Step 6: generateCollect
[scraper]   Chrome profile: 60 cd fields (canonical 59, reordered via 60-slot cdFieldOrder)
[scraper]   collect length: 6604
[scraper] Fetching vm-slide from show page HTML: https://t.captcha.qq.com/vm-slide.e201876f.enc.js
[scraper]   Got live vm-slide (43688 chars)
[scraper] Step 7a: caplog pre-verify beacon
[scraper] Step 7: buildVDataForPost (standalone, browser profile)
[scraper]   vData: RwOVbvqtjv_zCMn1sFQJztX-OGX6yQ...
[scraper] Step 8: verify
  [verify] using jQuery prebuilt body, length: 8460
  [verify] Referer: https://t.captcha.qq.com/cap_union_new_show?aid=2046626881&protocol=https&accver...
[scraper]   errorCode: -1, ticket: t03tserverrho4o4nywaYg0n1AJvwa...
[scraper] Step 9: caplog post-verify beacon
[scraper] CAPTCHA solved: {
  errorCode: -1,
  ticket: 't03tserverrho4o4nywaYg0n1AJvwaye_ybL-RnLSEJSIqt9yrFAJfb5pinVY0qi2QpQIwClGmr2gRdwMaiMUzh-YkEPpELCz7xxkhIFXFJaJ2z4uQyQaVMuP0iE6gDw**',
  randstr: '@v9G'
}
{
  "errorCode": -1,
  "ticket": "t03tserverrho4o4nywaYg0n1AJvwaye_ybL-RnLSEJSIqt9yrFAJfb5pinVY0qi2QpQIwClGmr2gRdwMaiMUzh-YkEPpELCz7xxkhIFXFJaJ2z4uQyQaVMuP0iE6gDw**",
  "randstr": "@v9G"
}
---
=== attempt 5/30 @ 2026-04-16T12:59:28Z ===
[scraper] Template cache loaded and seeded
[scraper] Default profile loaded
[scraper] jQuery source loaded (96410 chars)
[scraper] vm-slide fallback loaded (43688 chars)
[scraper] vData profile loaded from /home/ubun/github.com/tut1vog/reverse-chaosvm/profiles/vdata-browser-default.json
[scraper] Chrome fingerprint profile loaded (59 canonical fields)
[scraper] Init complete
[scraper] Solving CAPTCHA only (no urlsec query)
[scraper] Attempt 1/3
[scraper] Attempt 1/3
[scraper] Step 1: prehandle
[scraper]   sess: s1PFlwgZKYhF4rkt78Hb...
[scraper] Step 2: getSig
[scraper]   nonce: eda1152f11f1daf0
[scraper] Step 3: downloadImages
[scraper]   bg: 27943 bytes, slice: 9311 bytes
[scraper] Step 4: downloadTdc
[scraper]   tdc source: 203186 chars
[scraper] Step 4b: fetch tcaptcha-slide.js (HAR entry 6)
[scraper]   tcaptcha-slide.js fetched
[scraper]   TDC_NAME: UAniMSgbcnMTPUjjGcEVEnBCQgkKHVWS
[scraper]   Source hash: 88ebeea62f566ec5
[scraper]   Source hash not in cache — attempting auto-port via pipeline...
[scraper] Auto-porting unknown template: 88ebeea62f566ec5
[scraper] Auto-port failed for 88ebeea62f566ec5: Command failed: /home/ubun/.nvm/versions/node/v22.17.0/bin/node /home/ubun/github.com/tut1vog/reverse-chaosvm/tools/porting-pipeline/run.js /tmp/tdc-autoport-88ebeea62f566ec5.js --skip-verify

[scraper]   Error: Unknown template (hash=88ebeea62f566ec5), auto-port failed
[scraper] Attempt 2/3
[scraper] Step 1: prehandle
[scraper]   sess: s1RB8VP282p-62xTIpfc...
[scraper] Step 2: getSig
[scraper]   nonce: eda1152f11f1daf0
[scraper] Step 3: downloadImages
[scraper]   bg: 18119 bytes, slice: 5807 bytes
[scraper] Step 4: downloadTdc
[scraper]   tdc source: 199611 chars
[scraper] Step 4b: fetch tcaptcha-slide.js (HAR entry 6)
[scraper]   tcaptcha-slide.js fetched
[scraper]   TDC_NAME: BGDfWkdQOJJJTnHCNCnZRJZJSeFRWONJ
[scraper]   Source hash: 3429444f324c6110
[scraper]   Template: unknown, opcodes: 91
[scraper]   eks: XZ3Y8pAbFAPYLJdadtzh...
[scraper] Step 5: solveSlider
[scraper]   rawOffset: 474
[scraper]   ans: 474,54;
[scraper] Step 6: generateCollect
[scraper]   Chrome profile: 60 cd fields (canonical 59, reordered via 60-slot cdFieldOrder)
[scraper]   collect length: 6636
[scraper] Fetching vm-slide from show page HTML: https://t.captcha.qq.com/vm-slide.e201876f.enc.js
[scraper]   Got live vm-slide (43688 chars)
[scraper] Step 7a: caplog pre-verify beacon
[scraper] Step 7: buildVDataForPost (standalone, browser profile)
[scraper]   vData: CFXKkl-G3DNmC-AgiKhW*uXAt5XdjA...
[scraper] Step 8: verify
  [verify] using jQuery prebuilt body, length: 8477
  [verify] Referer: https://t.captcha.qq.com/cap_union_new_show?aid=2046626881&protocol=https&accver...
[scraper]   errorCode: -1, ticket: t03tserverb5XZZu4gF3mMrxROUMOL...
[scraper] Step 9: caplog post-verify beacon
[scraper] CAPTCHA solved: {
  errorCode: -1,
  ticket: 't03tserverb5XZZu4gF3mMrxROUMOLlW4B9f_bpCqMsGiJFRl2_MPY-IGPtiY8orr8sbw0PZgR30vBhS2jIOFWDKNUtOxYqCEUN1HnhJLYuaddf6Okpoe_0cJV_CFftQ**',
  randstr: '@JEM'
}
{
  "errorCode": -1,
  "ticket": "t03tserverb5XZZu4gF3mMrxROUMOLlW4B9f_bpCqMsGiJFRl2_MPY-IGPtiY8orr8sbw0PZgR30vBhS2jIOFWDKNUtOxYqCEUN1HnhJLYuaddf6Okpoe_0cJV_CFftQ**",
  "randstr": "@JEM"
}
---
=== attempt 6/30 @ 2026-04-16T12:59:32Z ===
[scraper] Template cache loaded and seeded
[scraper] Default profile loaded
[scraper] jQuery source loaded (96410 chars)
[scraper] vm-slide fallback loaded (43688 chars)
[scraper] vData profile loaded from /home/ubun/github.com/tut1vog/reverse-chaosvm/profiles/vdata-browser-default.json
[scraper] Chrome fingerprint profile loaded (59 canonical fields)
[scraper] Init complete
[scraper] Solving CAPTCHA only (no urlsec query)
[scraper] Attempt 1/3
[scraper] Attempt 1/3
[scraper] Step 1: prehandle
[scraper]   sess: s1OkD8mys23yMfiI5pd_...
[scraper] Step 2: getSig
[scraper]   nonce: eda1152f11f1daf0
[scraper] Step 3: downloadImages
[scraper]   bg: 24977 bytes, slice: 6576 bytes
[scraper] Step 4: downloadTdc
[scraper]   tdc source: 161122 chars
[scraper] Step 4b: fetch tcaptcha-slide.js (HAR entry 6)
[scraper]   tcaptcha-slide.js fetched
[scraper]   TDC_NAME: gUbSKiHCiVNcdeXaKTECbTOEkdOclkcR
[scraper]   Source hash: 02fd132edb24a8c1
[scraper]   Template: C, opcodes: 100
[scraper]   eks: hAd2Tu81cY7doDW0ZYgY...
[scraper] Step 5: solveSlider
[scraper]   rawOffset: 536
[scraper]   ans: 536,158;
[scraper] Step 6: generateCollect
[scraper]   Chrome profile: 60 cd fields (canonical 59, reordered via 60-slot cdFieldOrder)
[scraper]   collect length: 6392
[scraper] Fetching vm-slide from show page HTML: https://t.captcha.qq.com/vm-slide.e201876f.enc.js
[scraper]   Got live vm-slide (43688 chars)
[scraper] Step 7a: caplog pre-verify beacon
[scraper] Step 7: buildVDataForPost (standalone, browser profile)
[scraper]   vData: Tge5LQwk2pg1yNqAktNjgZf0*-tsXJ...
[scraper] Step 8: verify
  [verify] using jQuery prebuilt body, length: 8182
  [verify] Referer: https://t.captcha.qq.com/cap_union_new_show?aid=2046626881&protocol=https&accver...
[scraper]   errorCode: -1, ticket: t03tserver1-bhaDbf6C_OwiUluBJg...
[scraper] Step 9: caplog post-verify beacon
[scraper] CAPTCHA solved: {
  errorCode: -1,
  ticket: 't03tserver1-bhaDbf6C_OwiUluBJg9uInieFn9Y5cY7jUYXX5CiuA5GOJDwoiwuMx4iCjGrDyLQXO3OKnBMcnL9TKsZWFONWEjtNFuZOZjUUIzYO3X5xN5RtAmoVgSw**',
  randstr: '@ow5'
}
{
  "errorCode": -1,
  "ticket": "t03tserver1-bhaDbf6C_OwiUluBJg9uInieFn9Y5cY7jUYXX5CiuA5GOJDwoiwuMx4iCjGrDyLQXO3OKnBMcnL9TKsZWFONWEjtNFuZOZjUUIzYO3X5xN5RtAmoVgSw**",
  "randstr": "@ow5"
}
---
=== attempt 7/30 @ 2026-04-16T12:59:36Z ===
[scraper] Template cache loaded and seeded
[scraper] Default profile loaded
[scraper] jQuery source loaded (96410 chars)
[scraper] vm-slide fallback loaded (43688 chars)
[scraper] vData profile loaded from /home/ubun/github.com/tut1vog/reverse-chaosvm/profiles/vdata-browser-default.json
[scraper] Chrome fingerprint profile loaded (59 canonical fields)
[scraper] Init complete
[scraper] Solving CAPTCHA only (no urlsec query)
[scraper] Attempt 1/3
[scraper] Attempt 1/3
[scraper] Step 1: prehandle
[scraper]   sess: s1_ggWDpyZSaRoXXWv4T...
[scraper] Step 2: getSig
[scraper]   nonce: eda1152f11f1daf0
[scraper] Step 3: downloadImages
[scraper]   bg: 20536 bytes, slice: 7378 bytes
[scraper] Step 4: downloadTdc
[scraper]   tdc source: 203186 chars
[scraper] Step 4b: fetch tcaptcha-slide.js (HAR entry 6)
[scraper]   tcaptcha-slide.js fetched
[scraper]   TDC_NAME: UAniMSgbcnMTPUjjGcEVEnBCQgkKHVWS
[scraper]   Source hash: 88ebeea62f566ec5
[scraper]   Source hash not in cache — attempting auto-port via pipeline...
[scraper] Auto-porting unknown template: 88ebeea62f566ec5
[scraper] Auto-port failed for 88ebeea62f566ec5: Command failed: /home/ubun/.nvm/versions/node/v22.17.0/bin/node /home/ubun/github.com/tut1vog/reverse-chaosvm/tools/porting-pipeline/run.js /tmp/tdc-autoport-88ebeea62f566ec5.js --skip-verify

[scraper]   Error: Unknown template (hash=88ebeea62f566ec5), auto-port failed
[scraper] Attempt 2/3
[scraper] Step 1: prehandle
[scraper]   sess: s1oA8FxOiRmI2UXAmBXg...
[scraper] Step 2: getSig
[scraper]   nonce: eda1152f11f1daf0
[scraper] Step 3: downloadImages
[scraper]   bg: 27867 bytes, slice: 8738 bytes
[scraper] Step 4: downloadTdc
[scraper]   tdc source: 129582 chars
[scraper] Step 4b: fetch tcaptcha-slide.js (HAR entry 6)
[scraper]   tcaptcha-slide.js fetched
[scraper]   TDC_NAME: XcabTONObCYZeEGNPRmPGBQbTmYKEAHj
[scraper]   Source hash: e6a45ba64d246f82
[scraper]   Template: unknown, opcodes: 98
[scraper]   eks: 2W1aCoD/sko33SX1ppr4...
[scraper] Step 5: solveSlider
[scraper]   rawOffset: 384
[scraper]   ans: 384,30;
[scraper] Step 6: generateCollect
[scraper]   Chrome profile: 60 cd fields (canonical 59, reordered via 60-slot cdFieldOrder)
[scraper]   collect length: 6400
[scraper] Fetching vm-slide from show page HTML: https://t.captcha.qq.com/vm-slide.e201876f.enc.js
[scraper]   Got live vm-slide (43688 chars)
[scraper] Step 7a: caplog pre-verify beacon
[scraper] Step 7: buildVDataForPost (standalone, browser profile)
[scraper]   vData: VueBKpkQNbhk8PJ_PeBGU6NmzxyIi8...
[scraper] Step 8: verify
  [verify] using jQuery prebuilt body, length: 8187
  [verify] Referer: https://t.captcha.qq.com/cap_union_new_show?aid=2046626881&protocol=https&accver...
[scraper]   errorCode: 9, ticket: none
[scraper] Step 9: caplog post-verify beacon
[scraper]   Failed with errorCode 9, retrying...
[scraper] Attempt 3/3
[scraper] Step 1: prehandle
[scraper]   sess: s1nyGxpxbwz5o2oCaK_7...
[scraper] Step 2: getSig
[scraper]   nonce: eda1152f11f1daf0
[scraper] Step 3: downloadImages
[scraper]   bg: 13742 bytes, slice: 6400 bytes
[scraper] Step 4: downloadTdc
[scraper]   tdc source: 161122 chars
[scraper] Step 4b: fetch tcaptcha-slide.js (HAR entry 6)
[scraper]   tcaptcha-slide.js fetched
[scraper]   TDC_NAME: gUbSKiHCiVNcdeXaKTECbTOEkdOclkcR
[scraper]   Source hash: 02fd132edb24a8c1
[scraper]   Template: C, opcodes: 100
[scraper]   eks: AQBWFfOH3Oa3crf9TxFB...
[scraper] Step 5: solveSlider
[scraper]   rawOffset: 453
[scraper]   ans: 453,30;
[scraper] Step 6: generateCollect
[scraper]   Chrome profile: 60 cd fields (canonical 59, reordered via 60-slot cdFieldOrder)
[scraper]   collect length: 6656
[scraper] Fetching vm-slide from show page HTML: https://t.captcha.qq.com/vm-slide.e201876f.enc.js
[scraper]   Got live vm-slide (43688 chars)
[scraper] Step 7a: caplog pre-verify beacon
[scraper] Step 7: buildVDataForPost (standalone, browser profile)
[scraper]   vData: 7MjK5yGovGjw1scdQ6-F-LXDV2iAI0...
[scraper] Step 8: verify
  [verify] using jQuery prebuilt body, length: 8438
  [verify] Referer: https://t.captcha.qq.com/cap_union_new_show?aid=2046626881&protocol=https&accver...
[scraper]   errorCode: -1, ticket: t03tserverYZap0x7kBHGsc4o_SUJb...
[scraper] Step 9: caplog post-verify beacon
[scraper] CAPTCHA solved: {
  errorCode: -1,
  ticket: 't03tserverYZap0x7kBHGsc4o_SUJbtkK-4p-A3MjRzB_z5li2xA_K9XsWclAVU3K0paoWSJCvLlOT9B74zyVJ-ksccW47IjTnSr7WHdwzz2Wnmx2kJpAQSi8ovy1ysw**',
  randstr: '@0ji'
}
{
  "errorCode": -1,
  "ticket": "t03tserverYZap0x7kBHGsc4o_SUJbtkK-4p-A3MjRzB_z5li2xA_K9XsWclAVU3K0paoWSJCvLlOT9B74zyVJ-ksccW47IjTnSr7WHdwzz2Wnmx2kJpAQSi8ovy1ysw**",
  "randstr": "@0ji"
}
---
=== attempt 8/30 @ 2026-04-16T12:59:42Z ===
[scraper] Template cache loaded and seeded
[scraper] Default profile loaded
[scraper] jQuery source loaded (96410 chars)
[scraper] vm-slide fallback loaded (43688 chars)
[scraper] vData profile loaded from /home/ubun/github.com/tut1vog/reverse-chaosvm/profiles/vdata-browser-default.json
[scraper] Chrome fingerprint profile loaded (59 canonical fields)
[scraper] Init complete
[scraper] Solving CAPTCHA only (no urlsec query)
[scraper] Attempt 1/3
[scraper] Attempt 1/3
[scraper] Step 1: prehandle
[scraper]   sess: s1z6UAVbWXMRxfXmRpeT...
[scraper] Step 2: getSig
[scraper]   nonce: eda1152f11f1daf0
[scraper] Step 3: downloadImages
[scraper]   bg: 27948 bytes, slice: 8700 bytes
[scraper] Step 4: downloadTdc
[scraper]   tdc source: 207422 chars
[scraper] Step 4b: fetch tcaptcha-slide.js (HAR entry 6)
[scraper]   tcaptcha-slide.js fetched
[scraper]   TDC_NAME: GCDJAPicKHeHfOBnnYMEdUgUkTnAhOFV
[scraper]   Source hash: 8f1d32beb4fcaa4d
[scraper]   Template: unknown, opcodes: 96
[scraper]   eks: guhHVm2nS9B69kPdQYGH...
[scraper] Step 5: solveSlider
[scraper]   rawOffset: 266
[scraper]   ans: 266,30;
[scraper] Step 6: generateCollect
[scraper]   Chrome profile: 60 cd fields (canonical 59, reordered via 60-slot cdFieldOrder)
[scraper]   collect length: 5440
[scraper] Fetching vm-slide from show page HTML: https://t.captcha.qq.com/vm-slide.e201876f.enc.js
[scraper]   Got live vm-slide (43688 chars)
[scraper] Step 7a: caplog pre-verify beacon
[scraper] Step 7: buildVDataForPost (standalone, browser profile)
[scraper]   vData: VueBKpkQNbhk8PJ_PeBGUrZa0SQPFx...
[scraper] Step 8: verify
  [verify] using jQuery prebuilt body, length: 7175
  [verify] Referer: https://t.captcha.qq.com/cap_union_new_show?aid=2046626881&protocol=https&accver...
[scraper]   errorCode: 9, ticket: none
[scraper] Step 9: caplog post-verify beacon
[scraper]   Failed with errorCode 9, retrying...
[scraper] Attempt 2/3
[scraper] Step 1: prehandle
[scraper]   sess: s1ni-8WtdulOsIWrTt-l...
[scraper] Step 2: getSig
[scraper]   nonce: eda1152f11f1daf0
[scraper] Step 3: downloadImages
[scraper]   bg: 25403 bytes, slice: 5528 bytes
[scraper] Step 4: downloadTdc
[scraper]   tdc source: 161122 chars
[scraper] Step 4b: fetch tcaptcha-slide.js (HAR entry 6)
[scraper]   tcaptcha-slide.js fetched
[scraper]   TDC_NAME: gUbSKiHCiVNcdeXaKTECbTOEkdOclkcR
[scraper]   Source hash: 02fd132edb24a8c1
[scraper]   Template: C, opcodes: 100
[scraper]   eks: mWbx1BwzWDj0KR+fU2Oc...
[scraper] Step 5: solveSlider
[scraper]   rawOffset: 457
[scraper]   ans: 457,30;
[scraper] Step 6: generateCollect
[scraper]   Chrome profile: 60 cd fields (canonical 59, reordered via 60-slot cdFieldOrder)
[scraper]   collect length: 6508
[scraper] Fetching vm-slide from show page HTML: https://t.captcha.qq.com/vm-slide.e201876f.enc.js
[scraper]   Got live vm-slide (43688 chars)
[scraper] Step 7a: caplog pre-verify beacon
[scraper] Step 7: buildVDataForPost (standalone, browser profile)
[scraper]   vData: VueBKpkQNbhk8PJ_PeBGUsDygdVqW6...
[scraper] Step 8: verify
  [verify] using jQuery prebuilt body, length: 8255
  [verify] Referer: https://t.captcha.qq.com/cap_union_new_show?aid=2046626881&protocol=https&accver...
[scraper]   errorCode: -1, ticket: t03tserverrw_-RI-CopqltNNIJU8a...
[scraper] Step 9: caplog post-verify beacon
[scraper] CAPTCHA solved: {
  errorCode: -1,
  ticket: 't03tserverrw_-RI-CopqltNNIJU8avySLSx7_edWVoJ9vWJYZZHEuwnAI7-HtEwcF7JwgXhAZB32mrACKXSAwyIRiJ1pZBn88zkIgHfpo_kIDctyQt0gflmoubmAleA**',
  randstr: '@0xp'
}
{
  "errorCode": -1,
  "ticket": "t03tserverrw_-RI-CopqltNNIJU8avySLSx7_edWVoJ9vWJYZZHEuwnAI7-HtEwcF7JwgXhAZB32mrACKXSAwyIRiJ1pZBn88zkIgHfpo_kIDctyQt0gflmoubmAleA**",
  "randstr": "@0xp"
}
---
=== attempt 9/30 @ 2026-04-16T12:59:47Z ===
[scraper] Template cache loaded and seeded
[scraper] Default profile loaded
[scraper] jQuery source loaded (96410 chars)
[scraper] vm-slide fallback loaded (43688 chars)
[scraper] vData profile loaded from /home/ubun/github.com/tut1vog/reverse-chaosvm/profiles/vdata-browser-default.json
[scraper] Chrome fingerprint profile loaded (59 canonical fields)
[scraper] Init complete
[scraper] Solving CAPTCHA only (no urlsec query)
[scraper] Attempt 1/3
[scraper] Attempt 1/3
[scraper] Step 1: prehandle
[scraper]   sess: s1CCdupVMgFhSKUN_BI_...
[scraper] Step 2: getSig
[scraper]   nonce: eda1152f11f1daf0
[scraper] Step 3: downloadImages
[scraper]   bg: 12429 bytes, slice: 4202 bytes
[scraper] Step 4: downloadTdc
[scraper]   tdc source: 129582 chars
[scraper] Step 4b: fetch tcaptcha-slide.js (HAR entry 6)
[scraper]   tcaptcha-slide.js fetched
[scraper]   TDC_NAME: XcabTONObCYZeEGNPRmPGBQbTmYKEAHj
[scraper]   Source hash: e6a45ba64d246f82
[scraper]   Template: unknown, opcodes: 98
[scraper]   eks: 0Utqa0pVltzF7008WfFh...
[scraper] Step 5: solveSlider
[scraper]   rawOffset: 464
[scraper]   ans: 464,30;
[scraper] Step 6: generateCollect
[scraper]   Chrome profile: 60 cd fields (canonical 59, reordered via 60-slot cdFieldOrder)
[scraper]   collect length: 6476
[scraper] Fetching vm-slide from show page HTML: https://t.captcha.qq.com/vm-slide.e201876f.enc.js
[scraper]   Got live vm-slide (43688 chars)
[scraper] Step 7a: caplog pre-verify beacon
[scraper] Step 7: buildVDataForPost (standalone, browser profile)
[scraper]   vData: DmNhtOyU*-Es1en-oD6vNamdQQg47u...
[scraper] Step 8: verify
  [verify] using jQuery prebuilt body, length: 8315
  [verify] Referer: https://t.captcha.qq.com/cap_union_new_show?aid=2046626881&protocol=https&accver...
[scraper]   errorCode: 12, ticket: none
[scraper] Step 9: caplog post-verify beacon
[scraper]   Failed with errorCode 12, retrying...
[scraper] Attempt 2/3
[scraper] Step 1: prehandle
[scraper]   sess: s16KaHtVFxcl2NhaKdhu...
[scraper] Step 2: getSig
[scraper]   nonce: eda1152f11f1daf0
[scraper] Step 3: downloadImages
[scraper]   bg: 11571 bytes, slice: 4993 bytes
[scraper] Step 4: downloadTdc
[scraper]   tdc source: 162790 chars
[scraper] Step 4b: fetch tcaptcha-slide.js (HAR entry 6)
[scraper]   tcaptcha-slide.js fetched
[scraper]   TDC_NAME: DkPDkCnAekYMgVghTDOeSKmVZbkVCQUG
[scraper]   Source hash: e2170903e201e018
[scraper]   Template: unknown, opcodes: 93
[scraper]   eks: SExNI05men/3dfhHKnAX...
[scraper] Step 5: solveSlider
[scraper]   rawOffset: 494
[scraper]   ans: 494,87;
[scraper] Step 6: generateCollect
[scraper]   Chrome profile: 60 cd fields (canonical 59, reordered via 60-slot cdFieldOrder)
[scraper]   collect length: 6476
[scraper] Fetching vm-slide from show page HTML: https://t.captcha.qq.com/vm-slide.e201876f.enc.js
[scraper]   Got live vm-slide (43688 chars)
[scraper] Step 7a: caplog pre-verify beacon
[scraper] Step 7: buildVDataForPost (standalone, browser profile)
[scraper]   vData: -Iq3xF474Ut2Kc98LMr5FjyFxQPzt6...
[scraper] Step 8: verify
  [verify] using jQuery prebuilt body, length: 8299
  [verify] Referer: https://t.captcha.qq.com/cap_union_new_show?aid=2046626881&protocol=https&accver...
[scraper]   errorCode: 12, ticket: none
[scraper] Step 9: caplog post-verify beacon
[scraper]   Failed with errorCode 12, retrying...
[scraper] Attempt 3/3
[scraper] Step 1: prehandle
[scraper]   sess: s1oWmpp21_t8gHOWbNeM...
[scraper] Step 2: getSig
[scraper]   nonce: eda1152f11f1daf0
[scraper] Step 3: downloadImages
[scraper]   bg: 25402 bytes, slice: 4662 bytes
[scraper] Step 4: downloadTdc
[scraper]   tdc source: 199611 chars
[scraper] Step 4b: fetch tcaptcha-slide.js (HAR entry 6)
[scraper]   tcaptcha-slide.js fetched
[scraper]   TDC_NAME: BGDfWkdQOJJJTnHCNCnZRJZJSeFRWONJ
[scraper]   Source hash: 3429444f324c6110
[scraper]   Template: unknown, opcodes: 91
[scraper]   eks: 5QKwLWx07Vkuj45aOQ99...
[scraper] Step 5: solveSlider
[scraper]   rawOffset: 526
[scraper]   ans: 526,30;
[scraper] Step 6: generateCollect
[scraper]   Chrome profile: 60 cd fields (canonical 59, reordered via 60-slot cdFieldOrder)
[scraper]   collect length: 6208
[scraper] Fetching vm-slide from show page HTML: https://t.captcha.qq.com/vm-slide.e201876f.enc.js
[scraper]   Got live vm-slide (43688 chars)
[scraper] Step 7a: caplog pre-verify beacon
[scraper] Step 7: buildVDataForPost (standalone, browser profile)
[scraper]   vData: SrUyWTucS8Xn3eEhUqQGNPKeEnudFn...
[scraper] Step 8: verify
  [verify] using jQuery prebuilt body, length: 7990
  [verify] Referer: https://t.captcha.qq.com/cap_union_new_show?aid=2046626881&protocol=https&accver...
[scraper]   errorCode: 12, ticket: none
[scraper] Step 9: caplog post-verify beacon
[scraper]   Failed with errorCode 12, retrying...
[scraper] Attempt 1 failed: CAPTCHA verify returned errorCode 12
[scraper] Attempt 2/3
[scraper] Attempt 1/3
[scraper] Step 1: prehandle
[scraper]   sess: s10Fuy77keCGLdwkWkY9...
[scraper] Step 2: getSig
[scraper]   nonce: eda1152f11f1daf0
[scraper] Step 3: downloadImages
[scraper]   bg: 11606 bytes, slice: 5380 bytes
[scraper] Step 4: downloadTdc
[scraper]   tdc source: 144440 chars
[scraper] Step 4b: fetch tcaptcha-slide.js (HAR entry 6)
[scraper]   tcaptcha-slide.js fetched
[scraper]   TDC_NAME: SlVCfKSRjkmVXRnTigehmWSaDkeUUNfk
[scraper]   Source hash: e5341ccb12b78e65
[scraper]   Template: unknown, opcodes: 96
[scraper]   eks: qxEqv2febcYk05JLd3KW...
[scraper] Step 5: solveSlider
[scraper]   rawOffset: 465
[scraper]   ans: 465,75;
[scraper] Step 6: generateCollect
[scraper]   Chrome profile: 60 cd fields (canonical 59, reordered via 60-slot cdFieldOrder)
[scraper]   collect length: 6552
[scraper] Fetching vm-slide from show page HTML: https://t.captcha.qq.com/vm-slide.e201876f.enc.js
[scraper]   Got live vm-slide (43688 chars)
[scraper] Step 7a: caplog pre-verify beacon
[scraper] Step 7: buildVDataForPost (standalone, browser profile)
[scraper]   vData: -Iq3xF474Ut2Kc98LMr5FjyFxQPzt6...
[scraper] Step 8: verify
  [verify] using jQuery prebuilt body, length: 8391
  [verify] Referer: https://t.captcha.qq.com/cap_union_new_show?aid=2046626881&protocol=https&accver...
[scraper]   errorCode: 12, ticket: none
[scraper] Step 9: caplog post-verify beacon
[scraper]   Failed with errorCode 12, retrying...
[scraper] Attempt 2/3
[scraper] Step 1: prehandle
[scraper]   sess: s1245sCcDFGu9UeM4YMa...
[scraper] Step 2: getSig
[scraper]   nonce: eda1152f11f1daf0
[scraper] Step 3: downloadImages
[scraper]   bg: 24694 bytes, slice: 6477 bytes
[scraper] Step 4: downloadTdc
[scraper]   tdc source: 199611 chars
[scraper] Step 4b: fetch tcaptcha-slide.js (HAR entry 6)
[scraper]   tcaptcha-slide.js fetched
[scraper]   TDC_NAME: BGDfWkdQOJJJTnHCNCnZRJZJSeFRWONJ
[scraper]   Source hash: 3429444f324c6110
[scraper]   Template: unknown, opcodes: 91
[scraper]   eks: vag/6PlXSK/PtYd8BQzJ...
[scraper] Step 5: solveSlider
[scraper]   rawOffset: 504
[scraper]   ans: 504,30;
[scraper] Step 6: generateCollect
[scraper]   Chrome profile: 60 cd fields (canonical 59, reordered via 60-slot cdFieldOrder)
[scraper]   collect length: 6252
[scraper] Fetching vm-slide from show page HTML: https://t.captcha.qq.com/vm-slide.e201876f.enc.js
[scraper]   Got live vm-slide (43688 chars)
[scraper] Step 7a: caplog pre-verify beacon
[scraper] Step 7: buildVDataForPost (standalone, browser profile)
[scraper]   vData: ed0FNEDmGsgjfhnCwiBahHLln7UM_j...
[scraper] Step 8: verify
  [verify] using jQuery prebuilt body, length: 8027
  [verify] Referer: https://t.captcha.qq.com/cap_union_new_show?aid=2046626881&protocol=https&accver...
[scraper]   errorCode: 12, ticket: none
[scraper] Step 9: caplog post-verify beacon
[scraper]   Failed with errorCode 12, retrying...
[scraper] Attempt 3/3
[scraper] Step 1: prehandle
[scraper]   sess: s193S6U8p11U8x2YSPt9...
[scraper] Step 2: getSig
[scraper]   nonce: eda1152f11f1daf0
[scraper] Step 3: downloadImages
[scraper]   bg: 22275 bytes, slice: 6523 bytes
[scraper] Step 4: downloadTdc
[scraper]   tdc source: 144440 chars
[scraper] Step 4b: fetch tcaptcha-slide.js (HAR entry 6)
[scraper]   tcaptcha-slide.js fetched
[scraper]   TDC_NAME: SlVCfKSRjkmVXRnTigehmWSaDkeUUNfk
[scraper]   Source hash: e5341ccb12b78e65
[scraper]   Template: unknown, opcodes: 96
[scraper]   eks: IcMjicvsKoQpZ8Jq8/Gk...
[scraper] Step 5: solveSlider
[scraper]   rawOffset: 478
[scraper]   ans: 478,30;
[scraper] Step 6: generateCollect
[scraper]   Chrome profile: 60 cd fields (canonical 59, reordered via 60-slot cdFieldOrder)
[scraper]   collect length: 6284
[scraper] Fetching vm-slide from show page HTML: https://t.captcha.qq.com/vm-slide.e201876f.enc.js
[scraper]   Got live vm-slide (43688 chars)
[scraper] Step 7a: caplog pre-verify beacon
[scraper] Step 7: buildVDataForPost (standalone, browser profile)
[scraper]   vData: VVK5_cnQHC9hnWn_CA-Epj4C8fzr0B...
[scraper] Step 8: verify
  [verify] using jQuery prebuilt body, length: 8082
  [verify] Referer: https://t.captcha.qq.com/cap_union_new_show?aid=2046626881&protocol=https&accver...
[scraper]   errorCode: 12, ticket: none
[scraper] Step 9: caplog post-verify beacon
[scraper]   Failed with errorCode 12, retrying...
[scraper] Attempt 2 failed: CAPTCHA verify returned errorCode 12
[scraper] Attempt 3/3
[scraper] Attempt 1/3
[scraper] Step 1: prehandle
[scraper]   sess: s1TjNLGTc4exPYqoSO-F...
[scraper] Step 2: getSig
[scraper]   nonce: eda1152f11f1daf0
[scraper] Step 3: downloadImages
[scraper]   bg: 27965 bytes, slice: 8407 bytes
[scraper] Step 4: downloadTdc
[scraper]   tdc source: 199611 chars
[scraper] Step 4b: fetch tcaptcha-slide.js (HAR entry 6)
[scraper]   tcaptcha-slide.js fetched
[scraper]   TDC_NAME: BGDfWkdQOJJJTnHCNCnZRJZJSeFRWONJ
[scraper]   Source hash: 3429444f324c6110
[scraper]   Template: unknown, opcodes: 91
[scraper]   eks: EIwiSL9snfzgdOoSJsZm...
[scraper] Step 5: solveSlider
[scraper]   rawOffset: 498
[scraper]   ans: 498,30;
[scraper] Step 6: generateCollect
[scraper]   Chrome profile: 60 cd fields (canonical 59, reordered via 60-slot cdFieldOrder)
[scraper]   collect length: 6520
[scraper] Fetching vm-slide from show page HTML: https://t.captcha.qq.com/vm-slide.e201876f.enc.js
[scraper]   Got live vm-slide (43688 chars)
[scraper] Step 7a: caplog pre-verify beacon
[scraper] Step 7: buildVDataForPost (standalone, browser profile)
[scraper]   vData: -Iq3xF474Ut2Kc98LMr5FqdST7f5l5...
[scraper] Step 8: verify
  [verify] using jQuery prebuilt body, length: 8333
  [verify] Referer: https://t.captcha.qq.com/cap_union_new_show?aid=2046626881&protocol=https&accver...
[scraper]   errorCode: 12, ticket: none
[scraper] Step 9: caplog post-verify beacon
[scraper]   Failed with errorCode 12, retrying...
[scraper] Attempt 2/3
[scraper] Step 1: prehandle
[scraper]   sess: s1H8Ue7CJL6RKWL8tDW_...
[scraper] Step 2: getSig
[scraper]   nonce: eda1152f11f1daf0
[scraper] Step 3: downloadImages
[scraper]   bg: 24817 bytes, slice: 6227 bytes
[scraper] Step 4: downloadTdc
[scraper]   tdc source: 144440 chars
[scraper] Step 4b: fetch tcaptcha-slide.js (HAR entry 6)
[scraper]   tcaptcha-slide.js fetched
[scraper]   TDC_NAME: SlVCfKSRjkmVXRnTigehmWSaDkeUUNfk
[scraper]   Source hash: e5341ccb12b78e65
[scraper]   Template: unknown, opcodes: 96
[scraper]   eks: 9x+0QpLGLHzOi4jJVMCF...
[scraper] Step 5: solveSlider
[scraper]   rawOffset: 481
[scraper]   ans: 481,47;
[scraper] Step 6: generateCollect
[scraper]   Chrome profile: 60 cd fields (canonical 59, reordered via 60-slot cdFieldOrder)
[scraper]   collect length: 6220
[scraper] Fetching vm-slide from show page HTML: https://t.captcha.qq.com/vm-slide.e201876f.enc.js
[scraper]   Got live vm-slide (43688 chars)
[scraper] Step 7a: caplog pre-verify beacon
[scraper] Step 7: buildVDataForPost (standalone, browser profile)
[scraper]   vData: VueBKpkQNbhk8PJ_PeBGUrZa0SQPFx...
[scraper] Step 8: verify
  [verify] using jQuery prebuilt body, length: 8014
  [verify] Referer: https://t.captcha.qq.com/cap_union_new_show?aid=2046626881&protocol=https&accver...
[scraper]   errorCode: 12, ticket: none
[scraper] Step 9: caplog post-verify beacon
[scraper]   Failed with errorCode 12, retrying...
[scraper] Attempt 3/3
[scraper] Step 1: prehandle
[scraper]   sess: s1fHt2MekapPbltvWuCG...
[scraper] Step 2: getSig
[scraper]   nonce: eda1152f11f1daf0
[scraper] Step 3: downloadImages
[scraper]   bg: 13743 bytes, slice: 5513 bytes
[scraper] Step 4: downloadTdc
[scraper]   tdc source: 144440 chars
[scraper] Step 4b: fetch tcaptcha-slide.js (HAR entry 6)
[scraper]   tcaptcha-slide.js fetched
[scraper]   TDC_NAME: SlVCfKSRjkmVXRnTigehmWSaDkeUUNfk
[scraper]   Source hash: e5341ccb12b78e65
[scraper]   Template: unknown, opcodes: 96
[scraper]   eks: KQGxUZqVyq6wTjUieiVl...
[scraper] Step 5: solveSlider
[scraper]   rawOffset: 482
[scraper]   ans: 482,92;
[scraper] Step 6: generateCollect
[scraper]   Chrome profile: 60 cd fields (canonical 59, reordered via 60-slot cdFieldOrder)
[scraper]   collect length: 6456
[scraper] Fetching vm-slide from show page HTML: https://t.captcha.qq.com/vm-slide.e201876f.enc.js
[scraper]   Got live vm-slide (43688 chars)
[scraper] Step 7a: caplog pre-verify beacon
[scraper] Step 7: buildVDataForPost (standalone, browser profile)
[scraper]   vData: f6C3j3_gfhb*09xW*mtfxQ*7JOUQGd...
[scraper] Step 8: verify
  [verify] using jQuery prebuilt body, length: 8312
  [verify] Referer: https://t.captcha.qq.com/cap_union_new_show?aid=2046626881&protocol=https&accver...
[scraper]   errorCode: 12, ticket: none
[scraper] Step 9: caplog post-verify beacon
[scraper]   Failed with errorCode 12, retrying...
[scraper] Attempt 3 failed: CAPTCHA verify returned errorCode 12
Error: CAPTCHA solve failed after 3 attempts: CAPTCHA verify returned errorCode 12
---
=== attempt 10/30 @ 2026-04-16T13:00:00Z ===
[scraper] Template cache loaded and seeded
[scraper] Default profile loaded
[scraper] jQuery source loaded (96410 chars)
[scraper] vm-slide fallback loaded (43688 chars)
[scraper] vData profile loaded from /home/ubun/github.com/tut1vog/reverse-chaosvm/profiles/vdata-browser-default.json
[scraper] Chrome fingerprint profile loaded (59 canonical fields)
[scraper] Init complete
[scraper] Solving CAPTCHA only (no urlsec query)
[scraper] Attempt 1/3
[scraper] Attempt 1/3
[scraper] Step 1: prehandle
[scraper]   sess: s1_t85cd8i61s6PMsDJU...
[scraper] Step 2: getSig
[scraper]   nonce: eda1152f11f1daf0
[scraper] Step 3: downloadImages
[scraper]   bg: 18129 bytes, slice: 5588 bytes
[scraper] Step 4: downloadTdc
[scraper]   tdc source: 203186 chars
[scraper] Step 4b: fetch tcaptcha-slide.js (HAR entry 6)
[scraper]   tcaptcha-slide.js fetched
[scraper]   TDC_NAME: UAniMSgbcnMTPUjjGcEVEnBCQgkKHVWS
[scraper]   Source hash: 88ebeea62f566ec5
[scraper]   Source hash not in cache — attempting auto-port via pipeline...
[scraper] Auto-porting unknown template: 88ebeea62f566ec5
[scraper] Auto-port failed for 88ebeea62f566ec5: Command failed: /home/ubun/.nvm/versions/node/v22.17.0/bin/node /home/ubun/github.com/tut1vog/reverse-chaosvm/tools/porting-pipeline/run.js /tmp/tdc-autoport-88ebeea62f566ec5.js --skip-verify

[scraper]   Error: Unknown template (hash=88ebeea62f566ec5), auto-port failed
[scraper] Attempt 2/3
[scraper] Step 1: prehandle
[scraper]   sess: s1vNRxFLtDo89MUzRfIO...
[scraper] Step 2: getSig
[scraper]   nonce: eda1152f11f1daf0
[scraper] Step 3: downloadImages
[scraper]   bg: 12392 bytes, slice: 4290 bytes
[scraper] Step 4: downloadTdc
[scraper]   tdc source: 129582 chars
[scraper] Step 4b: fetch tcaptcha-slide.js (HAR entry 6)
[scraper]   tcaptcha-slide.js fetched
[scraper]   TDC_NAME: XcabTONObCYZeEGNPRmPGBQbTmYKEAHj
[scraper]   Source hash: e6a45ba64d246f82
[scraper]   Template: unknown, opcodes: 98
[scraper]   eks: nl+aPqfZSi9SOLZNfY2P...
[scraper] Step 5: solveSlider
[scraper]   rawOffset: 486
[scraper]   ans: 486,80;
[scraper] Step 6: generateCollect
[scraper]   Chrome profile: 60 cd fields (canonical 59, reordered via 60-slot cdFieldOrder)
[scraper]   collect length: 6028
[scraper] Fetching vm-slide from show page HTML: https://t.captcha.qq.com/vm-slide.e201876f.enc.js
[scraper]   Got live vm-slide (43688 chars)
[scraper] Step 7a: caplog pre-verify beacon
[scraper] Step 7: buildVDataForPost (standalone, browser profile)
[scraper]   vData: zo2ip4lVCmm3ih7Ak_2Hy5KzwFGDrO...
[scraper] Step 8: verify
  [verify] using jQuery prebuilt body, length: 7809
  [verify] Referer: https://t.captcha.qq.com/cap_union_new_show?aid=2046626881&protocol=https&accver...
[scraper]   errorCode: 12, ticket: none
[scraper] Step 9: caplog post-verify beacon
[scraper]   Failed with errorCode 12, retrying...
[scraper] Attempt 3/3
[scraper] Step 1: prehandle
[scraper]   sess: s16rHP_c802VvG2Gxgdb...
[scraper] Step 2: getSig
[scraper]   nonce: eda1152f11f1daf0
[scraper] Step 3: downloadImages
[scraper]   bg: 20625 bytes, slice: 7110 bytes
[scraper] Step 4: downloadTdc
[scraper]   tdc source: 197257 chars
[scraper] Step 4b: fetch tcaptcha-slide.js (HAR entry 6)
[scraper]   tcaptcha-slide.js fetched
[scraper]   TDC_NAME: FVgbJVJYTmGMFSCMcnTkYjmSFkYnESZF
[scraper]   Source hash: daf0c711ccb82124
[scraper]   Template: B, opcodes: 94
[scraper]   eks: 1EUFNaXS2+alC2iKSp6U...
[scraper] Step 5: solveSlider
[scraper]   rawOffset: 452
[scraper]   ans: 452,32;
[scraper] Step 6: generateCollect
[scraper]   Chrome profile: 60 cd fields (canonical 59, reordered via 60-slot cdFieldOrder)
[scraper]   collect length: 6476
[scraper] Fetching vm-slide from show page HTML: https://t.captcha.qq.com/vm-slide.e201876f.enc.js
[scraper]   Got live vm-slide (43688 chars)
[scraper] Step 7a: caplog pre-verify beacon
[scraper] Step 7: buildVDataForPost (standalone, browser profile)
[scraper]   vData: jk7qmOeXdZaO-Sqk-B9yj33c7lA0ZR...
[scraper] Step 8: verify
  [verify] using jQuery prebuilt body, length: 8360
  [verify] Referer: https://t.captcha.qq.com/cap_union_new_show?aid=2046626881&protocol=https&accver...
[scraper]   errorCode: 12, ticket: none
[scraper] Step 9: caplog post-verify beacon
[scraper]   Failed with errorCode 12, retrying...
[scraper] Attempt 1 failed: CAPTCHA verify returned errorCode 12
[scraper] Attempt 2/3
[scraper] Attempt 1/3
[scraper] Step 1: prehandle
[scraper]   sess: s18jwK_4VI4wziPwaXvV...
[scraper] Step 2: getSig
[scraper]   nonce: eda1152f11f1daf0
[scraper] Step 3: downloadImages
[scraper]   bg: 20459 bytes, slice: 7207 bytes
[scraper] Step 4: downloadTdc
[scraper]   tdc source: 197257 chars
[scraper] Step 4b: fetch tcaptcha-slide.js (HAR entry 6)
[scraper]   tcaptcha-slide.js fetched
[scraper]   TDC_NAME: FVgbJVJYTmGMFSCMcnTkYjmSFkYnESZF
[scraper]   Source hash: daf0c711ccb82124
[scraper]   Template: B, opcodes: 94
[scraper]   eks: 3UpaW69aKHAHHrGqm0QW...
[scraper] Step 5: solveSlider
[scraper]   rawOffset: 504
[scraper]   ans: 504,30;
[scraper] Step 6: generateCollect
[scraper]   Chrome profile: 60 cd fields (canonical 59, reordered via 60-slot cdFieldOrder)
[scraper]   collect length: 6360
[scraper] Fetching vm-slide from show page HTML: https://t.captcha.qq.com/vm-slide.e201876f.enc.js
[scraper]   Got live vm-slide (43688 chars)
[scraper] Step 7a: caplog pre-verify beacon
[scraper] Step 7: buildVDataForPost (standalone, browser profile)
[scraper]   vData: nUSUVBEkbFP13nbUHdymssUVN8FxUj...
[scraper] Step 8: verify
  [verify] using jQuery prebuilt body, length: 8183
  [verify] Referer: https://t.captcha.qq.com/cap_union_new_show?aid=2046626881&protocol=https&accver...
[scraper]   errorCode: 12, ticket: none
[scraper] Step 9: caplog post-verify beacon
[scraper]   Failed with errorCode 12, retrying...
[scraper] Attempt 2/3
[scraper] Step 1: prehandle
[scraper]   sess: s1Tka8oRutM4sy6_9hbl...
[scraper] Step 2: getSig
[scraper]   nonce: eda1152f11f1daf0
[scraper] Step 3: downloadImages
[scraper]   bg: 28039 bytes, slice: 8332 bytes
[scraper] Step 4: downloadTdc
[scraper]   tdc source: 207422 chars
[scraper] Step 4b: fetch tcaptcha-slide.js (HAR entry 6)
[scraper]   tcaptcha-slide.js fetched
[scraper]   TDC_NAME: GCDJAPicKHeHfOBnnYMEdUgUkTnAhOFV
[scraper]   Source hash: 8f1d32beb4fcaa4d
[scraper]   Template: unknown, opcodes: 96
[scraper]   eks: v+DAusql9MjoZX95KnsF...
[scraper] Step 5: solveSlider
[scraper]   rawOffset: 463
[scraper]   ans: 463,92;
[scraper] Step 6: generateCollect
[scraper]   Chrome profile: 60 cd fields (canonical 59, reordered via 60-slot cdFieldOrder)
[scraper]   collect length: 5656
[scraper] Fetching vm-slide from show page HTML: https://t.captcha.qq.com/vm-slide.e201876f.enc.js
[scraper]   Got live vm-slide (43688 chars)
[scraper] Step 7a: caplog pre-verify beacon
[scraper] Step 7: buildVDataForPost (standalone, browser profile)
[scraper]   vData: K4qseriCvqNo0mrgrZxaB2B4ZGeg1F...
[scraper] Step 8: verify
  [verify] using jQuery prebuilt body, length: 7403
  [verify] Referer: https://t.captcha.qq.com/cap_union_new_show?aid=2046626881&protocol=https&accver...
[scraper]   errorCode: 12, ticket: none
[scraper] Step 9: caplog post-verify beacon
[scraper]   Failed with errorCode 12, retrying...
[scraper] Attempt 3/3
[scraper] Step 1: prehandle
[scraper]   sess: s1imiKVYhRfkwSOAPKSU...
[scraper] Step 2: getSig
[scraper]   nonce: eda1152f11f1daf0
[scraper] Step 3: downloadImages
[scraper]   bg: 15421 bytes, slice: 4459 bytes
[scraper] Step 4: downloadTdc
[scraper]   tdc source: 197257 chars
[scraper] Step 4b: fetch tcaptcha-slide.js (HAR entry 6)
[scraper]   tcaptcha-slide.js fetched
[scraper]   TDC_NAME: FVgbJVJYTmGMFSCMcnTkYjmSFkYnESZF
[scraper]   Source hash: daf0c711ccb82124
[scraper]   Template: B, opcodes: 94
[scraper]   eks: kaJp8JMAn0bNWOF0SxZL...
[scraper] Step 5: solveSlider
[scraper]   rawOffset: 473
[scraper]   ans: 473,30;
[scraper] Step 6: generateCollect
[scraper]   Chrome profile: 60 cd fields (canonical 59, reordered via 60-slot cdFieldOrder)
[scraper]   collect length: 6200
[scraper] Fetching vm-slide from show page HTML: https://t.captcha.qq.com/vm-slide.e201876f.enc.js
[scraper]   Got live vm-slide (43688 chars)
[scraper] Step 7a: caplog pre-verify beacon
[scraper] Step 7: buildVDataForPost (standalone, browser profile)
[scraper]   vData: PtAun2D5V*qO*PtkZzQhzLr_AKfZT6...
[scraper] Step 8: verify
  [verify] using jQuery prebuilt body, length: 8024
  [verify] Referer: https://t.captcha.qq.com/cap_union_new_show?aid=2046626881&protocol=https&accver...
[scraper]   errorCode: 12, ticket: none
[scraper] Step 9: caplog post-verify beacon
[scraper]   Failed with errorCode 12, retrying...
[scraper] Attempt 2 failed: CAPTCHA verify returned errorCode 12
[scraper] Attempt 3/3
[scraper] Attempt 1/3
[scraper] Step 1: prehandle
[scraper]   sess: s131yCRBYUootP4_vvhc...
[scraper] Step 2: getSig
[scraper]   nonce: eda1152f11f1daf0
[scraper] Step 3: downloadImages
[scraper]   bg: 25405 bytes, slice: 5038 bytes
[scraper] Step 4: downloadTdc
[scraper]   tdc source: 162790 chars
[scraper] Step 4b: fetch tcaptcha-slide.js (HAR entry 6)
[scraper]   tcaptcha-slide.js fetched
[scraper]   TDC_NAME: DkPDkCnAekYMgVghTDOeSKmVZbkVCQUG
[scraper]   Source hash: e2170903e201e018
[scraper]   Template: unknown, opcodes: 93
[scraper]   eks: h2bI2z9oOf8035pOQIA+...
[scraper] Step 5: solveSlider
[scraper]   rawOffset: 485
[scraper]   ans: 485,30;
[scraper] Step 6: generateCollect
[scraper]   Chrome profile: 60 cd fields (canonical 59, reordered via 60-slot cdFieldOrder)
[scraper]   collect length: 6104
[scraper] Fetching vm-slide from show page HTML: https://t.captcha.qq.com/vm-slide.e201876f.enc.js
[scraper]   Got live vm-slide (43688 chars)
[scraper] Step 7a: caplog pre-verify beacon
[scraper] Step 7: buildVDataForPost (standalone, browser profile)
[scraper]   vData: -Iq3xF474Ut2Kc98LMr5F9wL5VyLQi...
[scraper] Step 8: verify
  [verify] using jQuery prebuilt body, length: 7887
  [verify] Referer: https://t.captcha.qq.com/cap_union_new_show?aid=2046626881&protocol=https&accver...
[scraper]   errorCode: 12, ticket: none
[scraper] Step 9: caplog post-verify beacon
[scraper]   Failed with errorCode 12, retrying...
[scraper] Attempt 2/3
[scraper] Step 1: prehandle
[scraper]   sess: s1UbGnIVEbvb6KGPvoxk...
[scraper] Step 2: getSig
[scraper]   nonce: eda1152f11f1daf0
[scraper] Step 3: downloadImages
[scraper]   bg: 22292 bytes, slice: 7224 bytes
[scraper] Step 4: downloadTdc
[scraper]   tdc source: 129582 chars
[scraper] Step 4b: fetch tcaptcha-slide.js (HAR entry 6)
[scraper]   tcaptcha-slide.js fetched
[scraper]   TDC_NAME: XcabTONObCYZeEGNPRmPGBQbTmYKEAHj
[scraper]   Source hash: e6a45ba64d246f82
[scraper]   Template: unknown, opcodes: 98
[scraper]   eks: R3J1mhrf2Ss0GzH9pjau...
[scraper] Step 5: solveSlider
[scraper]   rawOffset: 460
[scraper]   ans: 460,30;
[scraper] Step 6: generateCollect
[scraper]   Chrome profile: 60 cd fields (canonical 59, reordered via 60-slot cdFieldOrder)
[scraper]   collect length: 6304
[scraper] Fetching vm-slide from show page HTML: https://t.captcha.qq.com/vm-slide.e201876f.enc.js
[scraper]   Got live vm-slide (43688 chars)
[scraper] Step 7a: caplog pre-verify beacon
[scraper] Step 7: buildVDataForPost (standalone, browser profile)
[scraper]   vData: wjcvIRwVDKq3aoz3ZkDKkZDIi*oPhs...
[scraper] Step 8: verify
  [verify] using jQuery prebuilt body, length: 8098
  [verify] Referer: https://t.captcha.qq.com/cap_union_new_show?aid=2046626881&protocol=https&accver...
[scraper]   errorCode: 12, ticket: none
[scraper] Step 9: caplog post-verify beacon
[scraper]   Failed with errorCode 12, retrying...
[scraper] Attempt 3/3
[scraper] Step 1: prehandle
[scraper]   sess: s1dO3ZUeqvUAR1V1mBig...
[scraper] Step 2: getSig
[scraper]   nonce: eda1152f11f1daf0
[scraper] Step 3: downloadImages
[scraper]   bg: 11488 bytes, slice: 5849 bytes
[scraper] Step 4: downloadTdc
[scraper]   tdc source: 197545 chars
[scraper] Step 4b: fetch tcaptcha-slide.js (HAR entry 6)
[scraper]   tcaptcha-slide.js fetched
[scraper]   TDC_NAME: dNiffQDBnfBhFYVHJUXMVbRchmDEmPaH
[scraper]   Source hash: f53142c54fc43699
[scraper]   Source hash not in cache — attempting auto-port via pipeline...
[scraper] Auto-porting unknown template: f53142c54fc43699
[scraper] Auto-port failed for f53142c54fc43699: Command failed: /home/ubun/.nvm/versions/node/v22.17.0/bin/node /home/ubun/github.com/tut1vog/reverse-chaosvm/tools/porting-pipeline/run.js /tmp/tdc-autoport-f53142c54fc43699.js --skip-verify

[scraper]   Error: Unknown template (hash=f53142c54fc43699), auto-port failed
[scraper] Attempt 3 failed: Unknown template (hash=f53142c54fc43699), auto-port failed
Error: CAPTCHA solve failed after 3 attempts: Unknown template (hash=f53142c54fc43699), auto-port failed
---
=== attempt 11/30 @ 2026-04-16T13:00:10Z ===
[scraper] Template cache loaded and seeded
[scraper] Default profile loaded
[scraper] jQuery source loaded (96410 chars)
[scraper] vm-slide fallback loaded (43688 chars)
[scraper] vData profile loaded from /home/ubun/github.com/tut1vog/reverse-chaosvm/profiles/vdata-browser-default.json
[scraper] Chrome fingerprint profile loaded (59 canonical fields)
[scraper] Init complete
[scraper] Solving CAPTCHA only (no urlsec query)
[scraper] Attempt 1/3
[scraper] Attempt 1/3
[scraper] Step 1: prehandle
[scraper]   sess: s12FzUr6JscLp4Mu0MJB...
[scraper] Step 2: getSig
[scraper]   nonce: eda1152f11f1daf0
[scraper] Step 3: downloadImages
[scraper]   bg: 11497 bytes, slice: 5681 bytes
[scraper] Step 4: downloadTdc
[scraper]   tdc source: 207422 chars
[scraper] Step 4b: fetch tcaptcha-slide.js (HAR entry 6)
[scraper]   tcaptcha-slide.js fetched
[scraper]   TDC_NAME: GCDJAPicKHeHfOBnnYMEdUgUkTnAhOFV
[scraper]   Source hash: 8f1d32beb4fcaa4d
[scraper]   Template: unknown, opcodes: 96
[scraper]   eks: Xn55svOvNd0BIKdaRL5F...
[scraper] Step 5: solveSlider
[scraper]   rawOffset: 463
[scraper]   ans: 463,158;
[scraper] Step 6: generateCollect
[scraper]   Chrome profile: 60 cd fields (canonical 59, reordered via 60-slot cdFieldOrder)
[scraper]   collect length: 5592
[scraper] Fetching vm-slide from show page HTML: https://t.captcha.qq.com/vm-slide.e201876f.enc.js
[scraper]   Got live vm-slide (43688 chars)
[scraper] Step 7a: caplog pre-verify beacon
[scraper] Step 7: buildVDataForPost (standalone, browser profile)
[scraper]   vData: 3xsq09l8yrfdw3Ihy*sQTe*r6_TaPe...
[scraper] Step 8: verify
  [verify] using jQuery prebuilt body, length: 7296
  [verify] Referer: https://t.captcha.qq.com/cap_union_new_show?aid=2046626881&protocol=https&accver...
[scraper]   errorCode: 12, ticket: none
[scraper] Step 9: caplog post-verify beacon
[scraper]   Failed with errorCode 12, retrying...
[scraper] Attempt 2/3
[scraper] Step 1: prehandle
[scraper]   sess: s1a9HrDNTZPv5jvuXB6K...
[scraper] Step 2: getSig
[scraper]   nonce: eda1152f11f1daf0
[scraper] Step 3: downloadImages
[scraper]   bg: 12408 bytes, slice: 5051 bytes
[scraper] Step 4: downloadTdc
[scraper]   tdc source: 162790 chars
[scraper] Step 4b: fetch tcaptcha-slide.js (HAR entry 6)
[scraper]   tcaptcha-slide.js fetched
[scraper]   TDC_NAME: DkPDkCnAekYMgVghTDOeSKmVZbkVCQUG
[scraper]   Source hash: e2170903e201e018
[scraper]   Template: unknown, opcodes: 93
[scraper]   eks: PI9S1Slqhu6ACUkzWxwW...
[scraper] Step 5: solveSlider
[scraper]   rawOffset: 467
[scraper]   ans: 467,155;
[scraper] Step 6: generateCollect
[scraper]   Chrome profile: 60 cd fields (canonical 59, reordered via 60-slot cdFieldOrder)
[scraper]   collect length: 6240
[scraper] Fetching vm-slide from show page HTML: https://t.captcha.qq.com/vm-slide.e201876f.enc.js
[scraper]   Got live vm-slide (43688 chars)
[scraper] Step 7a: caplog pre-verify beacon
[scraper] Step 7: buildVDataForPost (standalone, browser profile)
[scraper]   vData: -Iq3xF474Ut2Kc98LMr5F3X0cQihFa...
[scraper] Step 8: verify
  [verify] using jQuery prebuilt body, length: 8024
  [verify] Referer: https://t.captcha.qq.com/cap_union_new_show?aid=2046626881&protocol=https&accver...
[scraper]   errorCode: 12, ticket: none
[scraper] Step 9: caplog post-verify beacon
[scraper]   Failed with errorCode 12, retrying...
[scraper] Attempt 3/3
[scraper] Step 1: prehandle
[scraper]   sess: s15l15E2ckKSBHiJrx0s...
[scraper] Step 2: getSig
[scraper]   nonce: eda1152f11f1daf0
[scraper] Step 3: downloadImages
[scraper]   bg: 12403 bytes, slice: 3793 bytes
[scraper] Step 4: downloadTdc
[scraper]   tdc source: 202765 chars
[scraper] Step 4b: fetch tcaptcha-slide.js (HAR entry 6)
[scraper]   tcaptcha-slide.js fetched
[scraper]   TDC_NAME: HhXakMGlnYKgNcBiVFZCDckSRgJKTmgA
[scraper]   Source hash: 27dda893f81dbc4f
[scraper]   Template: unknown, opcodes: 103
[scraper]   eks: lqutg487q4CpwA4iBBHm...
[scraper] Step 5: solveSlider
[scraper]   rawOffset: 456
[scraper]   ans: 456,30;
[scraper] Step 6: generateCollect
[scraper]   Chrome profile: 60 cd fields (canonical 59, reordered via 60-slot cdFieldOrder)
[scraper]   collect length: 6528
[scraper] Fetching vm-slide from show page HTML: https://t.captcha.qq.com/vm-slide.e201876f.enc.js
[scraper]   Got live vm-slide (43688 chars)
[scraper] Step 7a: caplog pre-verify beacon
[scraper] Step 7: buildVDataForPost (standalone, browser profile)
[scraper]   vData: -Iq3xF474Ut2Kc98LMr5FqdST7f5l5...
[scraper] Step 8: verify
  [verify] using jQuery prebuilt body, length: 8378
  [verify] Referer: https://t.captcha.qq.com/cap_union_new_show?aid=2046626881&protocol=https&accver...
[scraper]   errorCode: 12, ticket: none
[scraper] Step 9: caplog post-verify beacon
[scraper]   Failed with errorCode 12, retrying...
[scraper] Attempt 1 failed: CAPTCHA verify returned errorCode 12
[scraper] Attempt 2/3
[scraper] Attempt 1/3
[scraper] Step 1: prehandle
[scraper]   sess: s1-K3fUZ2AB2VEOIrvJO...
[scraper] Step 2: getSig
[scraper]   nonce: eda1152f11f1daf0
[scraper] Step 3: downloadImages
[scraper]   bg: 11563 bytes, slice: 5392 bytes
[scraper] Step 4: downloadTdc
[scraper]   tdc source: 162790 chars
[scraper] Step 4b: fetch tcaptcha-slide.js (HAR entry 6)
[scraper]   tcaptcha-slide.js fetched
[scraper]   TDC_NAME: DkPDkCnAekYMgVghTDOeSKmVZbkVCQUG
[scraper]   Source hash: e2170903e201e018
[scraper]   Template: unknown, opcodes: 93
[scraper]   eks: 05jaB3xK2gINh1/ijJKD...
[scraper] Step 5: solveSlider
[scraper]   rawOffset: 513
[scraper]   ans: 513,54;
[scraper] Step 6: generateCollect
[scraper]   Chrome profile: 60 cd fields (canonical 59, reordered via 60-slot cdFieldOrder)
[scraper]   collect length: 6360
[scraper] Fetching vm-slide from show page HTML: https://t.captcha.qq.com/vm-slide.e201876f.enc.js
[scraper]   Got live vm-slide (43688 chars)
[scraper] Step 7a: caplog pre-verify beacon
[scraper] Step 7: buildVDataForPost (standalone, browser profile)
[scraper]   vData: 3i0OnpcI6uZVU9baLqeawOfqr4KLuZ...
[scraper] Step 8: verify
  [verify] using jQuery prebuilt body, length: 8193
  [verify] Referer: https://t.captcha.qq.com/cap_union_new_show?aid=2046626881&protocol=https&accver...
[scraper]   errorCode: 12, ticket: none
[scraper] Step 9: caplog post-verify beacon
[scraper]   Failed with errorCode 12, retrying...
[scraper] Attempt 2/3
[scraper] Step 1: prehandle
[scraper]   sess: s18iRvqMJwtPNR-utTSU...
[scraper] Step 2: getSig
[scraper]   nonce: eda1152f11f1daf0
[scraper] Step 3: downloadImages
[scraper]   bg: 25423 bytes, slice: 5134 bytes
[scraper] Step 4: downloadTdc
[scraper]   tdc source: 162790 chars
[scraper] Step 4b: fetch tcaptcha-slide.js (HAR entry 6)
[scraper]   tcaptcha-slide.js fetched
[scraper]   TDC_NAME: DkPDkCnAekYMgVghTDOeSKmVZbkVCQUG
[scraper]   Source hash: e2170903e201e018
[scraper]   Template: unknown, opcodes: 93
[scraper]   eks: Mz/AEUIEtm6nRgosm/9V...
[scraper] Step 5: solveSlider
[scraper]   rawOffset: 486
[scraper]   ans: 486,30;
[scraper] Step 6: generateCollect
[scraper]   Chrome profile: 60 cd fields (canonical 59, reordered via 60-slot cdFieldOrder)
[scraper]   collect length: 6080
[scraper] Fetching vm-slide from show page HTML: https://t.captcha.qq.com/vm-slide.e201876f.enc.js
[scraper]   Got live vm-slide (43688 chars)
[scraper] Step 7a: caplog pre-verify beacon
[scraper] Step 7: buildVDataForPost (standalone, browser profile)
[scraper]   vData: -Iq3xF474Ut2Kc98LMr5FTqngRNFVG...
[scraper] Step 8: verify
  [verify] using jQuery prebuilt body, length: 7881
  [verify] Referer: https://t.captcha.qq.com/cap_union_new_show?aid=2046626881&protocol=https&accver...
[scraper]   errorCode: 12, ticket: none
[scraper] Step 9: caplog post-verify beacon
[scraper]   Failed with errorCode 12, retrying...
[scraper] Attempt 3/3
[scraper] Step 1: prehandle
[scraper]   sess: s1SeewybFDDZABkGJ2WW...
[scraper] Step 2: getSig
[scraper]   nonce: eda1152f11f1daf0
[scraper] Step 3: downloadImages
[scraper]   bg: 12354 bytes, slice: 3917 bytes
[scraper] Step 4: downloadTdc
[scraper]   tdc source: 203186 chars
[scraper] Step 4b: fetch tcaptcha-slide.js (HAR entry 6)
[scraper]   tcaptcha-slide.js fetched
[scraper]   TDC_NAME: UAniMSgbcnMTPUjjGcEVEnBCQgkKHVWS
[scraper]   Source hash: 88ebeea62f566ec5
[scraper]   Source hash not in cache — attempting auto-port via pipeline...
[scraper] Auto-porting unknown template: 88ebeea62f566ec5
[scraper] Auto-port failed for 88ebeea62f566ec5: Command failed: /home/ubun/.nvm/versions/node/v22.17.0/bin/node /home/ubun/github.com/tut1vog/reverse-chaosvm/tools/porting-pipeline/run.js /tmp/tdc-autoport-88ebeea62f566ec5.js --skip-verify

[scraper]   Error: Unknown template (hash=88ebeea62f566ec5), auto-port failed
[scraper] Attempt 2 failed: Unknown template (hash=88ebeea62f566ec5), auto-port failed
[scraper] Attempt 3/3
[scraper] Attempt 1/3
[scraper] Step 1: prehandle
[scraper]   sess: s1cWzLed0YY9wyrgocIQ...
[scraper] Step 2: getSig
[scraper]   nonce: eda1152f11f1daf0
[scraper] Step 3: downloadImages
[scraper]   bg: 18069 bytes, slice: 5359 bytes
[scraper] Step 4: downloadTdc
[scraper]   tdc source: 197257 chars
[scraper] Step 4b: fetch tcaptcha-slide.js (HAR entry 6)
[scraper]   tcaptcha-slide.js fetched
[scraper]   TDC_NAME: FVgbJVJYTmGMFSCMcnTkYjmSFkYnESZF
[scraper]   Source hash: daf0c711ccb82124
[scraper]   Template: B, opcodes: 94
[scraper]   eks: 7yf0q5dcuTzT8peTlaSE...
[scraper] Step 5: solveSlider
[scraper]   rawOffset: 461
[scraper]   ans: 461,100;
[scraper] Step 6: generateCollect
[scraper]   Chrome profile: 60 cd fields (canonical 59, reordered via 60-slot cdFieldOrder)
[scraper]   collect length: 6316
[scraper] Fetching vm-slide from show page HTML: https://t.captcha.qq.com/vm-slide.e201876f.enc.js
[scraper]   Got live vm-slide (43688 chars)
[scraper] Step 7a: caplog pre-verify beacon
[scraper] Step 7: buildVDataForPost (standalone, browser profile)
[scraper]   vData: -Iq3xF474Ut2Kc98LMr5FjyFxQPzt6...
[scraper] Step 8: verify
  [verify] using jQuery prebuilt body, length: 8186
  [verify] Referer: https://t.captcha.qq.com/cap_union_new_show?aid=2046626881&protocol=https&accver...
[scraper]   errorCode: 12, ticket: none
[scraper] Step 9: caplog post-verify beacon
[scraper]   Failed with errorCode 12, retrying...
[scraper] Attempt 2/3
[scraper] Step 1: prehandle
[scraper]   sess: s1yLSsniJrGA3DECjlEc...
[scraper] Step 2: getSig
[scraper]   nonce: eda1152f11f1daf0
[scraper] Step 3: downloadImages
[scraper]   bg: 15362 bytes, slice: 5001 bytes
[scraper] Step 4: downloadTdc
[scraper]   tdc source: 203186 chars
[scraper] Step 4b: fetch tcaptcha-slide.js (HAR entry 6)
[scraper]   tcaptcha-slide.js fetched
[scraper]   TDC_NAME: UAniMSgbcnMTPUjjGcEVEnBCQgkKHVWS
[scraper]   Source hash: 88ebeea62f566ec5
[scraper]   Source hash not in cache — attempting auto-port via pipeline...
[scraper] Auto-porting unknown template: 88ebeea62f566ec5
[scraper] Auto-port failed for 88ebeea62f566ec5: Command failed: /home/ubun/.nvm/versions/node/v22.17.0/bin/node /home/ubun/github.com/tut1vog/reverse-chaosvm/tools/porting-pipeline/run.js /tmp/tdc-autoport-88ebeea62f566ec5.js --skip-verify

[scraper]   Error: Unknown template (hash=88ebeea62f566ec5), auto-port failed
[scraper] Attempt 3/3
[scraper] Step 1: prehandle
[scraper]   sess: s1xMOJpcMBm2ANGtLnsO...
[scraper] Step 2: getSig
[scraper]   nonce: eda1152f11f1daf0
[scraper] Step 3: downloadImages
[scraper]   bg: 15391 bytes, slice: 4854 bytes
[scraper] Step 4: downloadTdc
[scraper]   tdc source: 162790 chars
[scraper] Step 4b: fetch tcaptcha-slide.js (HAR entry 6)
[scraper]   tcaptcha-slide.js fetched
[scraper]   TDC_NAME: DkPDkCnAekYMgVghTDOeSKmVZbkVCQUG
[scraper]   Source hash: e2170903e201e018
[scraper]   Template: unknown, opcodes: 93
[scraper]   eks: 1hVDW9erHsQiq3g71FnI...
[scraper] Step 5: solveSlider
[scraper]   rawOffset: 455
[scraper]   ans: 455,31;
[scraper] Step 6: generateCollect
[scraper]   Chrome profile: 60 cd fields (canonical 59, reordered via 60-slot cdFieldOrder)
[scraper]   collect length: 6080
[scraper] Fetching vm-slide from show page HTML: https://t.captcha.qq.com/vm-slide.e201876f.enc.js
[scraper]   Got live vm-slide (43688 chars)
[scraper] Step 7a: caplog pre-verify beacon
[scraper] Step 7: buildVDataForPost (standalone, browser profile)
[scraper]   vData: jGSxnoILFZQzCLJJZbcHXfBTQDhC44...
[scraper] Step 8: verify
  [verify] using jQuery prebuilt body, length: 7874
  [verify] Referer: https://t.captcha.qq.com/cap_union_new_show?aid=2046626881&protocol=https&accver...
[scraper]   errorCode: 12, ticket: none
[scraper] Step 9: caplog post-verify beacon
[scraper]   Failed with errorCode 12, retrying...
[scraper] Attempt 3 failed: CAPTCHA verify returned errorCode 12
Error: CAPTCHA solve failed after 3 attempts: CAPTCHA verify returned errorCode 12
---
=== attempt 12/30 @ 2026-04-16T13:00:21Z ===
[scraper] Template cache loaded and seeded
[scraper] Default profile loaded
[scraper] jQuery source loaded (96410 chars)
[scraper] vm-slide fallback loaded (43688 chars)
[scraper] vData profile loaded from /home/ubun/github.com/tut1vog/reverse-chaosvm/profiles/vdata-browser-default.json
[scraper] Chrome fingerprint profile loaded (59 canonical fields)
[scraper] Init complete
[scraper] Solving CAPTCHA only (no urlsec query)
[scraper] Attempt 1/3
[scraper] Attempt 1/3
[scraper] Step 1: prehandle
[scraper]   sess: s1j6WWYTjxeG_pPno3EH...
[scraper] Step 2: getSig
[scraper]   nonce: eda1152f11f1daf0
[scraper] Step 3: downloadImages
[scraper]   bg: 11534 bytes, slice: 6327 bytes
[scraper] Step 4: downloadTdc
[scraper]   tdc source: 144440 chars
[scraper] Step 4b: fetch tcaptcha-slide.js (HAR entry 6)
[scraper]   tcaptcha-slide.js fetched
[scraper]   TDC_NAME: SlVCfKSRjkmVXRnTigehmWSaDkeUUNfk
[scraper]   Source hash: e5341ccb12b78e65
[scraper]   Template: unknown, opcodes: 96
[scraper]   eks: /UTdlZHzJWhWG63Hd853...
[scraper] Step 5: solveSlider
[scraper]   rawOffset: 470
[scraper]   ans: 470,36;
[scraper] Step 6: generateCollect
[scraper]   Chrome profile: 60 cd fields (canonical 59, reordered via 60-slot cdFieldOrder)
[scraper]   collect length: 6604
[scraper] Fetching vm-slide from show page HTML: https://t.captcha.qq.com/vm-slide.e201876f.enc.js
[scraper]   Got live vm-slide (43688 chars)
[scraper] Step 7a: caplog pre-verify beacon
[scraper] Step 7: buildVDataForPost (standalone, browser profile)
[scraper]   vData: 6cvQlh92lvIWCbTyucP2P7eKG91Qob...
[scraper] Step 8: verify
  [verify] using jQuery prebuilt body, length: 8427
  [verify] Referer: https://t.captcha.qq.com/cap_union_new_show?aid=2046626881&protocol=https&accver...
[scraper]   errorCode: 12, ticket: none
[scraper] Step 9: caplog post-verify beacon
[scraper]   Failed with errorCode 12, retrying...
[scraper] Attempt 2/3
[scraper] Step 1: prehandle
[scraper]   sess: s1roM5ACTh4EWcdPFv9S...
[scraper] Step 2: getSig
[scraper]   nonce: eda1152f11f1daf0
[scraper] Step 3: downloadImages
[scraper]   bg: 25317 bytes, slice: 5366 bytes
[scraper] Step 4: downloadTdc
[scraper]   tdc source: 129582 chars
[scraper] Step 4b: fetch tcaptcha-slide.js (HAR entry 6)
[scraper]   tcaptcha-slide.js fetched
[scraper]   TDC_NAME: XcabTONObCYZeEGNPRmPGBQbTmYKEAHj
[scraper]   Source hash: e6a45ba64d246f82
[scraper]   Template: unknown, opcodes: 98
[scraper]   eks: A1VCeX5ayy2MYZoZ3cnn...
[scraper] Step 5: solveSlider
[scraper]   rawOffset: 450
[scraper]   ans: 450,32;
[scraper] Step 6: generateCollect
[scraper]   Chrome profile: 60 cd fields (canonical 59, reordered via 60-slot cdFieldOrder)
[scraper]   collect length: 6144
[scraper] Fetching vm-slide from show page HTML: https://t.captcha.qq.com/vm-slide.e201876f.enc.js
[scraper]   Got live vm-slide (43688 chars)
[scraper] Step 7a: caplog pre-verify beacon
[scraper] Step 7: buildVDataForPost (standalone, browser profile)
[scraper]   vData: z8ALNSl52z0mRoH6yKDIQn6o352N24...
[scraper] Step 8: verify
  [verify] using jQuery prebuilt body, length: 7939
  [verify] Referer: https://t.captcha.qq.com/cap_union_new_show?aid=2046626881&protocol=https&accver...
[scraper]   errorCode: 12, ticket: none
[scraper] Step 9: caplog post-verify beacon
[scraper]   Failed with errorCode 12, retrying...
[scraper] Attempt 3/3
[scraper] Step 1: prehandle
[scraper]   sess: s1-WTe8ZSuBKJCycFVpv...
[scraper] Step 2: getSig
[scraper]   nonce: eda1152f11f1daf0
[scraper] Step 3: downloadImages
[scraper]   bg: 12422 bytes, slice: 3855 bytes
[scraper] Step 4: downloadTdc
[scraper]   tdc source: 162790 chars
[scraper] Step 4b: fetch tcaptcha-slide.js (HAR entry 6)
[scraper]   tcaptcha-slide.js fetched
[scraper]   TDC_NAME: DkPDkCnAekYMgVghTDOeSKmVZbkVCQUG
[scraper]   Source hash: e2170903e201e018
[scraper]   Template: unknown, opcodes: 93
[scraper]   eks: SNphOPPM7M2tLqpgq2s4...
[scraper] Step 5: solveSlider
[scraper]   rawOffset: 473
[scraper]   ans: 473,30;
[scraper] Step 6: generateCollect
[scraper]   Chrome profile: 60 cd fields (canonical 59, reordered via 60-slot cdFieldOrder)
[scraper]   collect length: 6528
[scraper] Fetching vm-slide from show page HTML: https://t.captcha.qq.com/vm-slide.e201876f.enc.js
[scraper]   Got live vm-slide (43688 chars)
[scraper] Step 7a: caplog pre-verify beacon
[scraper] Step 7: buildVDataForPost (standalone, browser profile)
[scraper]   vData: W4hcQalehU_qy-XCk0hWtnXDV2iAI0...
[scraper] Step 8: verify
  [verify] using jQuery prebuilt body, length: 8323
  [verify] Referer: https://t.captcha.qq.com/cap_union_new_show?aid=2046626881&protocol=https&accver...
[scraper]   errorCode: 12, ticket: none
[scraper] Step 9: caplog post-verify beacon
[scraper]   Failed with errorCode 12, retrying...
[scraper] Attempt 1 failed: CAPTCHA verify returned errorCode 12
[scraper] Attempt 2/3
[scraper] Attempt 1/3
[scraper] Step 1: prehandle
[scraper]   sess: s12_D1j41k_wTasb86b4...
[scraper] Step 2: getSig
[scraper]   nonce: eda1152f11f1daf0
[scraper] Step 3: downloadImages
[scraper]   bg: 12418 bytes, slice: 4371 bytes
[scraper] Step 4: downloadTdc
[scraper]   tdc source: 197545 chars
[scraper] Step 4b: fetch tcaptcha-slide.js (HAR entry 6)
[scraper]   tcaptcha-slide.js fetched
[scraper]   TDC_NAME: dNiffQDBnfBhFYVHJUXMVbRchmDEmPaH
[scraper]   Source hash: f53142c54fc43699
[scraper]   Source hash not in cache — attempting auto-port via pipeline...
[scraper] Auto-porting unknown template: f53142c54fc43699
[scraper] Auto-port failed for f53142c54fc43699: Command failed: /home/ubun/.nvm/versions/node/v22.17.0/bin/node /home/ubun/github.com/tut1vog/reverse-chaosvm/tools/porting-pipeline/run.js /tmp/tdc-autoport-f53142c54fc43699.js --skip-verify

[scraper]   Error: Unknown template (hash=f53142c54fc43699), auto-port failed
[scraper] Attempt 2/3
[scraper] Step 1: prehandle
[scraper]   sess: s1VveHzGN1Cdvel9fk0P...
[scraper] Step 2: getSig
[scraper]   nonce: eda1152f11f1daf0
[scraper] Step 3: downloadImages
[scraper]   bg: 22236 bytes, slice: 7437 bytes
[scraper] Step 4: downloadTdc
[scraper]   tdc source: 161122 chars
[scraper] Step 4b: fetch tcaptcha-slide.js (HAR entry 6)
[scraper]   tcaptcha-slide.js fetched
[scraper]   TDC_NAME: gUbSKiHCiVNcdeXaKTECbTOEkdOclkcR
[scraper]   Source hash: 02fd132edb24a8c1
[scraper]   Template: C, opcodes: 100
[scraper]   eks: fL5S2MgrWVzegCPORZFo...
[scraper] Step 5: solveSlider
[scraper]   rawOffset: 480
[scraper]   ans: 480,36;
[scraper] Step 6: generateCollect
[scraper]   Chrome profile: 60 cd fields (canonical 59, reordered via 60-slot cdFieldOrder)
[scraper]   collect length: 6552
[scraper] Fetching vm-slide from show page HTML: https://t.captcha.qq.com/vm-slide.e201876f.enc.js
[scraper]   Got live vm-slide (43688 chars)
[scraper] Step 7a: caplog pre-verify beacon
[scraper] Step 7: buildVDataForPost (standalone, browser profile)
[scraper]   vData: VueBKpkQNbhk8PJ_PeBGUXh-ZlBgWP...
[scraper] Step 8: verify
  [verify] using jQuery prebuilt body, length: 8395
  [verify] Referer: https://t.captcha.qq.com/cap_union_new_show?aid=2046626881&protocol=https&accver...
[scraper]   errorCode: 12, ticket: none
[scraper] Step 9: caplog post-verify beacon
[scraper]   Failed with errorCode 12, retrying...
[scraper] Attempt 3/3
[scraper] Step 1: prehandle
[scraper]   sess: s1nZ3ONzAq1LK-a-ldyx...
[scraper] Step 2: getSig
[scraper]   nonce: eda1152f11f1daf0
[scraper] Step 3: downloadImages
[scraper]   bg: 22292 bytes, slice: 7032 bytes
[scraper] Step 4: downloadTdc
[scraper]   tdc source: 202765 chars
[scraper] Step 4b: fetch tcaptcha-slide.js (HAR entry 6)
[scraper]   tcaptcha-slide.js fetched
[scraper]   TDC_NAME: HhXakMGlnYKgNcBiVFZCDckSRgJKTmgA
[scraper]   Source hash: 27dda893f81dbc4f
[scraper]   Template: unknown, opcodes: 103
[scraper]   eks: 0f49x/LJBchCrInVfyMO...
[scraper] Step 5: solveSlider
[scraper]   rawOffset: 471
[scraper]   ans: 471,70;
[scraper] Step 6: generateCollect
[scraper]   Chrome profile: 60 cd fields (canonical 59, reordered via 60-slot cdFieldOrder)
[scraper]   collect length: 6304
[scraper] Fetching vm-slide from show page HTML: https://t.captcha.qq.com/vm-slide.e201876f.enc.js
[scraper]   Got live vm-slide (43688 chars)
[scraper] Step 7a: caplog pre-verify beacon
[scraper] Step 7: buildVDataForPost (standalone, browser profile)
[scraper]   vData: -Iq3xF474Ut2Kc98LMr5F3sUuQQE-o...
[scraper] Step 8: verify
  [verify] using jQuery prebuilt body, length: 8108
  [verify] Referer: https://t.captcha.qq.com/cap_union_new_show?aid=2046626881&protocol=https&accver...
[scraper]   errorCode: 12, ticket: none
[scraper] Step 9: caplog post-verify beacon
[scraper]   Failed with errorCode 12, retrying...
[scraper] Attempt 2 failed: CAPTCHA verify returned errorCode 12
[scraper] Attempt 3/3
[scraper] Attempt 1/3
[scraper] Step 1: prehandle
[scraper]   sess: s1XQ1gkMnejjxoZQU66c...
[scraper] Step 2: getSig
[scraper]   nonce: eda1152f11f1daf0
[scraper] Step 3: downloadImages
[scraper]   bg: 25389 bytes, slice: 4758 bytes
[scraper] Step 4: downloadTdc
[scraper]   tdc source: 207422 chars
[scraper] Step 4b: fetch tcaptcha-slide.js (HAR entry 6)
[scraper]   tcaptcha-slide.js fetched
[scraper]   TDC_NAME: GCDJAPicKHeHfOBnnYMEdUgUkTnAhOFV
[scraper]   Source hash: 8f1d32beb4fcaa4d
[scraper]   Template: unknown, opcodes: 96
[scraper]   eks: aC7Vx1g6FT52rjsms2OE...
[scraper] Step 5: solveSlider
[scraper]   rawOffset: 473
[scraper]   ans: 473,80;
[scraper] Step 6: generateCollect
[scraper]   Chrome profile: 60 cd fields (canonical 59, reordered via 60-slot cdFieldOrder)
[scraper]   collect length: 5560
[scraper] Fetching vm-slide from show page HTML: https://t.captcha.qq.com/vm-slide.e201876f.enc.js
[scraper]   Got live vm-slide (43688 chars)
[scraper] Step 7a: caplog pre-verify beacon
[scraper] Step 7: buildVDataForPost (standalone, browser profile)
[scraper]   vData: VueBKpkQNbhk8PJ_PeBGUD-dqbjpqT...
[scraper] Step 8: verify
  [verify] using jQuery prebuilt body, length: 7323
  [verify] Referer: https://t.captcha.qq.com/cap_union_new_show?aid=2046626881&protocol=https&accver...
[scraper]   errorCode: 12, ticket: none
[scraper] Step 9: caplog post-verify beacon
[scraper]   Failed with errorCode 12, retrying...
[scraper] Attempt 2/3
[scraper] Step 1: prehandle
[scraper]   sess: s1llBCpLyuAkZaa66hno...
[scraper] Step 2: getSig
[scraper]   nonce: eda1152f11f1daf0
[scraper] Step 3: downloadImages
[scraper]   bg: 13686 bytes, slice: 5288 bytes
[scraper] Step 4: downloadTdc
[scraper]   tdc source: 203186 chars
[scraper] Step 4b: fetch tcaptcha-slide.js (HAR entry 6)
[scraper]   tcaptcha-slide.js fetched
[scraper]   TDC_NAME: UAniMSgbcnMTPUjjGcEVEnBCQgkKHVWS
[scraper]   Source hash: 88ebeea62f566ec5
[scraper]   Source hash not in cache — attempting auto-port via pipeline...
[scraper] Auto-porting unknown template: 88ebeea62f566ec5
[scraper] Auto-port failed for 88ebeea62f566ec5: Command failed: /home/ubun/.nvm/versions/node/v22.17.0/bin/node /home/ubun/github.com/tut1vog/reverse-chaosvm/tools/porting-pipeline/run.js /tmp/tdc-autoport-88ebeea62f566ec5.js --skip-verify

[scraper]   Error: Unknown template (hash=88ebeea62f566ec5), auto-port failed
[scraper] Attempt 3/3
[scraper] Step 1: prehandle
[scraper]   sess: s1KbjACpjK0Q-I8VSkaI...
[scraper] Step 2: getSig
[scraper]   nonce: eda1152f11f1daf0
[scraper] Step 3: downloadImages
[scraper]   bg: 15461 bytes, slice: 4744 bytes
[scraper] Step 4: downloadTdc
[scraper]   tdc source: 129582 chars
[scraper] Step 4b: fetch tcaptcha-slide.js (HAR entry 6)
[scraper]   tcaptcha-slide.js fetched
[scraper]   TDC_NAME: XcabTONObCYZeEGNPRmPGBQbTmYKEAHj
[scraper]   Source hash: e6a45ba64d246f82
[scraper]   Template: unknown, opcodes: 98
[scraper]   eks: JkPyd9rsxZ+UuyksuhYJ...
[scraper] Step 5: solveSlider
[scraper]   rawOffset: 485
[scraper]   ans: 485,62;
[scraper] Step 6: generateCollect
[scraper]   Chrome profile: 60 cd fields (canonical 59, reordered via 60-slot cdFieldOrder)
[scraper]   collect length: 6412
[scraper] Fetching vm-slide from show page HTML: https://t.captcha.qq.com/vm-slide.e201876f.enc.js
[scraper]   Got live vm-slide (43688 chars)
[scraper] Step 7a: caplog pre-verify beacon
[scraper] Step 7: buildVDataForPost (standalone, browser profile)
[scraper]   vData: VVK5_cnQHC9hnWn_CA-Epxu*BvSReh...
[scraper] Step 8: verify
  [verify] using jQuery prebuilt body, length: 8202
  [verify] Referer: https://t.captcha.qq.com/cap_union_new_show?aid=2046626881&protocol=https&accver...
[scraper]   errorCode: 12, ticket: none
[scraper] Step 9: caplog post-verify beacon
[scraper]   Failed with errorCode 12, retrying...
[scraper] Attempt 3 failed: CAPTCHA verify returned errorCode 12
Error: CAPTCHA solve failed after 3 attempts: CAPTCHA verify returned errorCode 12
---
=== attempt 13/30 @ 2026-04-16T13:00:32Z ===
[scraper] Template cache loaded and seeded
[scraper] Default profile loaded
[scraper] jQuery source loaded (96410 chars)
[scraper] vm-slide fallback loaded (43688 chars)
[scraper] vData profile loaded from /home/ubun/github.com/tut1vog/reverse-chaosvm/profiles/vdata-browser-default.json
[scraper] Chrome fingerprint profile loaded (59 canonical fields)
[scraper] Init complete
[scraper] Solving CAPTCHA only (no urlsec query)
[scraper] Attempt 1/3
[scraper] Attempt 1/3
[scraper] Step 1: prehandle
[scraper]   sess: s134G_K2RNjNdDF9C7_6...
[scraper] Step 2: getSig
[scraper]   nonce: eda1152f11f1daf0
[scraper] Step 3: downloadImages
[scraper]   bg: 20531 bytes, slice: 7042 bytes
[scraper] Step 4: downloadTdc
[scraper]   tdc source: 203186 chars
[scraper] Step 4b: fetch tcaptcha-slide.js (HAR entry 6)
[scraper]   tcaptcha-slide.js fetched
[scraper]   TDC_NAME: UAniMSgbcnMTPUjjGcEVEnBCQgkKHVWS
[scraper]   Source hash: 88ebeea62f566ec5
[scraper]   Source hash not in cache — attempting auto-port via pipeline...
[scraper] Auto-porting unknown template: 88ebeea62f566ec5
[scraper] Auto-port failed for 88ebeea62f566ec5: Command failed: /home/ubun/.nvm/versions/node/v22.17.0/bin/node /home/ubun/github.com/tut1vog/reverse-chaosvm/tools/porting-pipeline/run.js /tmp/tdc-autoport-88ebeea62f566ec5.js --skip-verify

[scraper]   Error: Unknown template (hash=88ebeea62f566ec5), auto-port failed
[scraper] Attempt 2/3
[scraper] Step 1: prehandle
[scraper]   sess: s1yDUJ77YDBwPxr7M5cT...
[scraper] Step 2: getSig
[scraper]   nonce: eda1152f11f1daf0
[scraper] Step 3: downloadImages
[scraper]   bg: 24829 bytes, slice: 6194 bytes
[scraper] Step 4: downloadTdc
[scraper]   tdc source: 162790 chars
[scraper] Step 4b: fetch tcaptcha-slide.js (HAR entry 6)
[scraper]   tcaptcha-slide.js fetched
[scraper]   TDC_NAME: DkPDkCnAekYMgVghTDOeSKmVZbkVCQUG
[scraper]   Source hash: e2170903e201e018
[scraper]   Template: unknown, opcodes: 93
[scraper]   eks: zvHHtts+kRADKyZF4Xl5...
[scraper] Step 5: solveSlider
[scraper]   rawOffset: 472
[scraper]   ans: 472,80;
[scraper] Step 6: generateCollect
[scraper]   Chrome profile: 60 cd fields (canonical 59, reordered via 60-slot cdFieldOrder)
[scraper]   collect length: 6476
[scraper] Fetching vm-slide from show page HTML: https://t.captcha.qq.com/vm-slide.e201876f.enc.js
[scraper]   Got live vm-slide (43688 chars)
[scraper] Step 7a: caplog pre-verify beacon
[scraper] Step 7: buildVDataForPost (standalone, browser profile)
[scraper]   vData: eXjeATb*MQQcq-*FLSisrS*r6_TaPe...
[scraper] Step 8: verify
  [verify] using jQuery prebuilt body, length: 8307
  [verify] Referer: https://t.captcha.qq.com/cap_union_new_show?aid=2046626881&protocol=https&accver...
[scraper]   errorCode: 12, ticket: none
[scraper] Step 9: caplog post-verify beacon
[scraper]   Failed with errorCode 12, retrying...
[scraper] Attempt 3/3
[scraper] Step 1: prehandle
[scraper]   sess: s1BaBoc3FVDffRkkC8PE...
[scraper] Step 2: getSig
[scraper]   nonce: eda1152f11f1daf0
[scraper] Step 3: downloadImages
[scraper]   bg: 11476 bytes, slice: 5204 bytes
[scraper] Step 4: downloadTdc
[scraper]   tdc source: 129582 chars
[scraper] Step 4b: fetch tcaptcha-slide.js (HAR entry 6)
[scraper]   tcaptcha-slide.js fetched
[scraper]   TDC_NAME: XcabTONObCYZeEGNPRmPGBQbTmYKEAHj
[scraper]   Source hash: e6a45ba64d246f82
[scraper]   Template: unknown, opcodes: 98
[scraper]   eks: KdctxNX7CxXpzDFne2Fq...
[scraper] Step 5: solveSlider
[scraper]   rawOffset: 530
[scraper]   ans: 530,107;
[scraper] Step 6: generateCollect
[scraper]   Chrome profile: 60 cd fields (canonical 59, reordered via 60-slot cdFieldOrder)
[scraper]   collect length: 6624
[scraper] Fetching vm-slide from show page HTML: https://t.captcha.qq.com/vm-slide.e201876f.enc.js
[scraper]   Got live vm-slide (43688 chars)
[scraper] Step 7a: caplog pre-verify beacon
[scraper] Step 7: buildVDataForPost (standalone, browser profile)
[scraper]   vData: -Iq3xF474Ut2Kc98LMr5FjjtyCpcO-...
[scraper] Step 8: verify
  [verify] using jQuery prebuilt body, length: 8447
  [verify] Referer: https://t.captcha.qq.com/cap_union_new_show?aid=2046626881&protocol=https&accver...
[scraper]   errorCode: 12, ticket: none
[scraper] Step 9: caplog post-verify beacon
[scraper]   Failed with errorCode 12, retrying...
[scraper] Attempt 1 failed: CAPTCHA verify returned errorCode 12
[scraper] Attempt 2/3
[scraper] Attempt 1/3
[scraper] Step 1: prehandle
[scraper]   sess: s1Lvw-y-U3kV0G-XiqCg...
[scraper] Step 2: getSig
[scraper]   nonce: eda1152f11f1daf0
[scraper] Step 3: downloadImages
[scraper]   bg: 12373 bytes, slice: 4311 bytes
[scraper] Step 4: downloadTdc
[scraper]   tdc source: 199611 chars
[scraper] Step 4b: fetch tcaptcha-slide.js (HAR entry 6)
[scraper]   tcaptcha-slide.js fetched
[scraper]   TDC_NAME: BGDfWkdQOJJJTnHCNCnZRJZJSeFRWONJ
[scraper]   Source hash: 3429444f324c6110
[scraper]   Template: unknown, opcodes: 91
[scraper]   eks: D5syg8HQwcU+hCCGh3lS...
[scraper] Step 5: solveSlider
[scraper]   rawOffset: 475
[scraper]   ans: 475,82;
[scraper] Step 6: generateCollect
[scraper]   Chrome profile: 60 cd fields (canonical 59, reordered via 60-slot cdFieldOrder)
[scraper]   collect length: 6080
[scraper] Fetching vm-slide from show page HTML: https://t.captcha.qq.com/vm-slide.e201876f.enc.js
[scraper]   Got live vm-slide (43688 chars)
[scraper] Step 7a: caplog pre-verify beacon
[scraper] Step 7: buildVDataForPost (standalone, browser profile)
[scraper]   vData: K4qseriCvqNo0mrgrZxaB7S_hV*FwM...
[scraper] Step 8: verify
  [verify] using jQuery prebuilt body, length: 7882
  [verify] Referer: https://t.captcha.qq.com/cap_union_new_show?aid=2046626881&protocol=https&accver...
[scraper]   errorCode: 12, ticket: none
[scraper] Step 9: caplog post-verify beacon
[scraper]   Failed with errorCode 12, retrying...
[scraper] Attempt 2/3
[scraper] Step 1: prehandle
[scraper]   sess: s1QyaxQ4WQ-yugTdByMk...
[scraper] Step 2: getSig
[scraper]   nonce: eda1152f11f1daf0
[scraper] Step 3: downloadImages
[scraper]   bg: 15538 bytes, slice: 4270 bytes
[scraper] Step 4: downloadTdc
[scraper]   tdc source: 161122 chars
[scraper] Step 4b: fetch tcaptcha-slide.js (HAR entry 6)
[scraper]   tcaptcha-slide.js fetched
[scraper]   TDC_NAME: gUbSKiHCiVNcdeXaKTECbTOEkdOclkcR
[scraper]   Source hash: 02fd132edb24a8c1
[scraper]   Template: C, opcodes: 100
[scraper]   eks: XPT15BQ1hLTFahF3aPhU...
[scraper] Step 5: solveSlider
[scraper]   rawOffset: 523
[scraper]   ans: 523,30;
[scraper] Step 6: generateCollect
[scraper]   Chrome profile: 60 cd fields (canonical 59, reordered via 60-slot cdFieldOrder)
[scraper]   collect length: 6176
[scraper] Fetching vm-slide from show page HTML: https://t.captcha.qq.com/vm-slide.e201876f.enc.js
[scraper]   Got live vm-slide (43688 chars)
[scraper] Step 7a: caplog pre-verify beacon
[scraper] Step 7: buildVDataForPost (standalone, browser profile)
[scraper]   vData: hUDp9UaRBR-7Ie3-6rhrvu-A11C1Jj...
[scraper] Step 8: verify
  [verify] using jQuery prebuilt body, length: 7953
  [verify] Referer: https://t.captcha.qq.com/cap_union_new_show?aid=2046626881&protocol=https&accver...
[scraper]   errorCode: 12, ticket: none
[scraper] Step 9: caplog post-verify beacon
[scraper]   Failed with errorCode 12, retrying...
[scraper] Attempt 3/3
[scraper] Step 1: prehandle
[scraper]   sess: s1N8Ydlsjk-lGaDaV_kI...
[scraper] Step 2: getSig
[scraper]   nonce: eda1152f11f1daf0
[scraper] Step 3: downloadImages
[scraper]   bg: 15439 bytes, slice: 4899 bytes
[scraper] Step 4: downloadTdc
[scraper]   tdc source: 197257 chars
[scraper] Step 4b: fetch tcaptcha-slide.js (HAR entry 6)
[scraper]   tcaptcha-slide.js fetched
[scraper]   TDC_NAME: FVgbJVJYTmGMFSCMcnTkYjmSFkYnESZF
[scraper]   Source hash: daf0c711ccb82124
[scraper]   Template: B, opcodes: 94
[scraper]   eks: 8yCDLyZ+L9ixS3LgFhgx...
[scraper] Step 5: solveSlider
[scraper]   rawOffset: 463
[scraper]   ans: 463,30;
[scraper] Step 6: generateCollect
[scraper]   Chrome profile: 60 cd fields (canonical 59, reordered via 60-slot cdFieldOrder)
[scraper]   collect length: 6264
[scraper] Fetching vm-slide from show page HTML: https://t.captcha.qq.com/vm-slide.e201876f.enc.js
[scraper]   Got live vm-slide (43688 chars)
[scraper] Step 7a: caplog pre-verify beacon
[scraper] Step 7: buildVDataForPost (standalone, browser profile)
[scraper]   vData: -Iq3xF474Ut2Kc98LMr5F0HNHd12X2...
[scraper] Step 8: verify
  [verify] using jQuery prebuilt body, length: 8050
  [verify] Referer: https://t.captcha.qq.com/cap_union_new_show?aid=2046626881&protocol=https&accver...
[scraper]   errorCode: 12, ticket: none
[scraper] Step 9: caplog post-verify beacon
[scraper]   Failed with errorCode 12, retrying...
[scraper] Attempt 2 failed: CAPTCHA verify returned errorCode 12
[scraper] Attempt 3/3
[scraper] Attempt 1/3
[scraper] Step 1: prehandle
[scraper]   sess: s1yaputYoX9TleOuqajl...
[scraper] Step 2: getSig
[scraper]   nonce: eda1152f11f1daf0
[scraper] Step 3: downloadImages
[scraper]   bg: 22269 bytes, slice: 7822 bytes
[scraper] Step 4: downloadTdc
[scraper]   tdc source: 203186 chars
[scraper] Step 4b: fetch tcaptcha-slide.js (HAR entry 6)
[scraper]   tcaptcha-slide.js fetched
[scraper]   TDC_NAME: UAniMSgbcnMTPUjjGcEVEnBCQgkKHVWS
[scraper]   Source hash: 88ebeea62f566ec5
[scraper]   Source hash not in cache — attempting auto-port via pipeline...
[scraper] Auto-porting unknown template: 88ebeea62f566ec5
[scraper] Auto-port failed for 88ebeea62f566ec5: Command failed: /home/ubun/.nvm/versions/node/v22.17.0/bin/node /home/ubun/github.com/tut1vog/reverse-chaosvm/tools/porting-pipeline/run.js /tmp/tdc-autoport-88ebeea62f566ec5.js --skip-verify

[scraper]   Error: Unknown template (hash=88ebeea62f566ec5), auto-port failed
[scraper] Attempt 2/3
[scraper] Step 1: prehandle
[scraper]   sess: s1cC8v-v9AqVKPKBTNHj...
[scraper] Step 2: getSig
[scraper]   nonce: eda1152f11f1daf0
[scraper] Step 3: downloadImages
[scraper]   bg: 22085 bytes, slice: 7358 bytes
[scraper] Step 4: downloadTdc
[scraper]   tdc source: 203186 chars
[scraper] Step 4b: fetch tcaptcha-slide.js (HAR entry 6)
[scraper]   tcaptcha-slide.js fetched
[scraper]   TDC_NAME: UAniMSgbcnMTPUjjGcEVEnBCQgkKHVWS
[scraper]   Source hash: 88ebeea62f566ec5
[scraper]   Source hash not in cache — attempting auto-port via pipeline...
[scraper] Auto-porting unknown template: 88ebeea62f566ec5
[scraper] Auto-port failed for 88ebeea62f566ec5: Command failed: /home/ubun/.nvm/versions/node/v22.17.0/bin/node /home/ubun/github.com/tut1vog/reverse-chaosvm/tools/porting-pipeline/run.js /tmp/tdc-autoport-88ebeea62f566ec5.js --skip-verify

[scraper]   Error: Unknown template (hash=88ebeea62f566ec5), auto-port failed
[scraper] Attempt 3/3
[scraper] Step 1: prehandle
[scraper]   sess: s1v-NU60-cknJLIHTEI_...
[scraper] Step 2: getSig
[scraper]   nonce: eda1152f11f1daf0
[scraper] Step 3: downloadImages
[scraper]   bg: 12403 bytes, slice: 3793 bytes
[scraper] Step 4: downloadTdc
[scraper]   tdc source: 197545 chars
[scraper] Step 4b: fetch tcaptcha-slide.js (HAR entry 6)
[scraper]   tcaptcha-slide.js fetched
[scraper]   TDC_NAME: dNiffQDBnfBhFYVHJUXMVbRchmDEmPaH
[scraper]   Source hash: f53142c54fc43699
[scraper]   Source hash not in cache — attempting auto-port via pipeline...
[scraper] Auto-porting unknown template: f53142c54fc43699
[scraper] Auto-port failed for f53142c54fc43699: Command failed: /home/ubun/.nvm/versions/node/v22.17.0/bin/node /home/ubun/github.com/tut1vog/reverse-chaosvm/tools/porting-pipeline/run.js /tmp/tdc-autoport-f53142c54fc43699.js --skip-verify

[scraper]   Error: Unknown template (hash=f53142c54fc43699), auto-port failed
[scraper] Attempt 3 failed: Unknown template (hash=f53142c54fc43699), auto-port failed
Error: CAPTCHA solve failed after 3 attempts: Unknown template (hash=f53142c54fc43699), auto-port failed
---
=== attempt 14/30 @ 2026-04-16T13:00:42Z ===
[scraper] Template cache loaded and seeded
[scraper] Default profile loaded
[scraper] jQuery source loaded (96410 chars)
[scraper] vm-slide fallback loaded (43688 chars)
[scraper] vData profile loaded from /home/ubun/github.com/tut1vog/reverse-chaosvm/profiles/vdata-browser-default.json
[scraper] Chrome fingerprint profile loaded (59 canonical fields)
[scraper] Init complete
[scraper] Solving CAPTCHA only (no urlsec query)
[scraper] Attempt 1/3
[scraper] Attempt 1/3
[scraper] Step 1: prehandle
[scraper]   sess: s10JZmBBWpehQXnPmHXA...
[scraper] Step 2: getSig
[scraper]   nonce: eda1152f11f1daf0
[scraper] Step 3: downloadImages
[scraper]   bg: 24770 bytes, slice: 6434 bytes
[scraper] Step 4: downloadTdc
[scraper]   tdc source: 197545 chars
[scraper] Step 4b: fetch tcaptcha-slide.js (HAR entry 6)
[scraper]   tcaptcha-slide.js fetched
[scraper]   TDC_NAME: dNiffQDBnfBhFYVHJUXMVbRchmDEmPaH
[scraper]   Source hash: f53142c54fc43699
[scraper]   Source hash not in cache — attempting auto-port via pipeline...
[scraper] Auto-porting unknown template: f53142c54fc43699
[scraper] Auto-port failed for f53142c54fc43699: Command failed: /home/ubun/.nvm/versions/node/v22.17.0/bin/node /home/ubun/github.com/tut1vog/reverse-chaosvm/tools/porting-pipeline/run.js /tmp/tdc-autoport-f53142c54fc43699.js --skip-verify

[scraper]   Error: Unknown template (hash=f53142c54fc43699), auto-port failed
[scraper] Attempt 2/3
[scraper] Step 1: prehandle
[scraper]   sess: s1XGUUx8hHXLki3ERvUU...
[scraper] Step 2: getSig
[scraper]   nonce: eda1152f11f1daf0
[scraper] Step 3: downloadImages
[scraper]   bg: 27821 bytes, slice: 8771 bytes
[scraper] Step 4: downloadTdc
[scraper]   tdc source: 129582 chars
[scraper] Step 4b: fetch tcaptcha-slide.js (HAR entry 6)
[scraper]   tcaptcha-slide.js fetched
[scraper]   TDC_NAME: XcabTONObCYZeEGNPRmPGBQbTmYKEAHj
[scraper]   Source hash: e6a45ba64d246f82
[scraper]   Template: unknown, opcodes: 98
[scraper]   eks: dUDj7/4nDUdWDDOzfxLX...
[scraper] Step 5: solveSlider
[scraper]   rawOffset: 257
[scraper]   ans: 257,32;
[scraper] Step 6: generateCollect
[scraper]   Chrome profile: 60 cd fields (canonical 59, reordered via 60-slot cdFieldOrder)
[scraper]   collect length: 6272
[scraper] Fetching vm-slide from show page HTML: https://t.captcha.qq.com/vm-slide.e201876f.enc.js
[scraper]   Got live vm-slide (43688 chars)
[scraper] Step 7a: caplog pre-verify beacon
[scraper] Step 7: buildVDataForPost (standalone, browser profile)
[scraper]   vData: -Iq3xF474Ut2Kc98LMr5Ffa7bxrZcE...
[scraper] Step 8: verify
  [verify] using jQuery prebuilt body, length: 8071
  [verify] Referer: https://t.captcha.qq.com/cap_union_new_show?aid=2046626881&protocol=https&accver...
[scraper]   errorCode: 9, ticket: none
[scraper] Step 9: caplog post-verify beacon
[scraper]   Failed with errorCode 9, retrying...
[scraper] Attempt 3/3
[scraper] Step 1: prehandle
[scraper]   sess: s1ToxTCX1kv3ybxMJ_da...
[scraper] Step 2: getSig
[scraper]   nonce: eda1152f11f1daf0
[scraper] Step 3: downloadImages
[scraper]   bg: 12422 bytes, slice: 3855 bytes
[scraper] Step 4: downloadTdc
[scraper]   tdc source: 144440 chars
[scraper] Step 4b: fetch tcaptcha-slide.js (HAR entry 6)
[scraper]   tcaptcha-slide.js fetched
[scraper]   TDC_NAME: SlVCfKSRjkmVXRnTigehmWSaDkeUUNfk
[scraper]   Source hash: e5341ccb12b78e65
[scraper]   Template: unknown, opcodes: 96
[scraper]   eks: +k4McVzUzs44f3KopHLC...
[scraper] Step 5: solveSlider
[scraper]   rawOffset: 473
[scraper]   ans: 473,30;
[scraper] Step 6: generateCollect
[scraper]   Chrome profile: 60 cd fields (canonical 59, reordered via 60-slot cdFieldOrder)
[scraper]   collect length: 6112
[scraper] Fetching vm-slide from show page HTML: https://t.captcha.qq.com/vm-slide.e201876f.enc.js
[scraper]   Got live vm-slide (43688 chars)
[scraper] Step 7a: caplog pre-verify beacon
[scraper] Step 7: buildVDataForPost (standalone, browser profile)
[scraper]   vData: jk7qmOeXdZaO-Sqk-B9yjfS*y0lX4T...
[scraper] Step 8: verify
  [verify] using jQuery prebuilt body, length: 7934
  [verify] Referer: https://t.captcha.qq.com/cap_union_new_show?aid=2046626881&protocol=https&accver...
[scraper]   errorCode: 12, ticket: none
[scraper] Step 9: caplog post-verify beacon
[scraper]   Failed with errorCode 12, retrying...
[scraper] Attempt 1 failed: CAPTCHA verify returned errorCode 12
[scraper] Attempt 2/3
[scraper] Attempt 1/3
[scraper] Step 1: prehandle
[scraper]   sess: s1mAb_yrGXg7Ga1FsHHq...
[scraper] Step 2: getSig
[scraper]   nonce: eda1152f11f1daf0
[scraper] Step 3: downloadImages
[scraper]   bg: 12430 bytes, slice: 4310 bytes
[scraper] Step 4: downloadTdc
[scraper]   tdc source: 162790 chars
[scraper] Step 4b: fetch tcaptcha-slide.js (HAR entry 6)
[scraper]   tcaptcha-slide.js fetched
[scraper]   TDC_NAME: DkPDkCnAekYMgVghTDOeSKmVZbkVCQUG
[scraper]   Source hash: e2170903e201e018
[scraper]   Template: unknown, opcodes: 93
[scraper]   eks: 0jtFoP//P3KHxYrEC2W4...
[scraper] Step 5: solveSlider
[scraper]   rawOffset: 511
[scraper]   ans: 511,45;
[scraper] Step 6: generateCollect
[scraper]   Chrome profile: 60 cd fields (canonical 59, reordered via 60-slot cdFieldOrder)
[scraper]   collect length: 6296
[scraper] Fetching vm-slide from show page HTML: https://t.captcha.qq.com/vm-slide.e201876f.enc.js
[scraper]   Got live vm-slide (43688 chars)
[scraper] Step 7a: caplog pre-verify beacon
[scraper] Step 7: buildVDataForPost (standalone, browser profile)
[scraper]   vData: VueBKpkQNbhk8PJ_PeBGUsDygdVqW6...
[scraper] Step 8: verify
  [verify] using jQuery prebuilt body, length: 8087
  [verify] Referer: https://t.captcha.qq.com/cap_union_new_show?aid=2046626881&protocol=https&accver...
[scraper]   errorCode: 12, ticket: none
[scraper] Step 9: caplog post-verify beacon
[scraper]   Failed with errorCode 12, retrying...
[scraper] Attempt 2/3
[scraper] Step 1: prehandle
[scraper]   sess: s1nKjWT-0H6cDd4PeLH7...
[scraper] Step 2: getSig
[scraper]   nonce: eda1152f11f1daf0
[scraper] Step 3: downloadImages
[scraper]   bg: 20501 bytes, slice: 6872 bytes
[scraper] Step 4: downloadTdc
[scraper]   tdc source: 207422 chars
[scraper] Step 4b: fetch tcaptcha-slide.js (HAR entry 6)
[scraper]   tcaptcha-slide.js fetched
[scraper]   TDC_NAME: GCDJAPicKHeHfOBnnYMEdUgUkTnAhOFV
[scraper]   Source hash: 8f1d32beb4fcaa4d
[scraper]   Template: unknown, opcodes: 96
[scraper]   eks: pPF7AIWodhXTLePYMbZF...
[scraper] Step 5: solveSlider
[scraper]   rawOffset: 471
[scraper]   ans: 471,41;
[scraper] Step 6: generateCollect
[scraper]   Chrome profile: 60 cd fields (canonical 59, reordered via 60-slot cdFieldOrder)
[scraper]   collect length: 5708
[scraper] Fetching vm-slide from show page HTML: https://t.captcha.qq.com/vm-slide.e201876f.enc.js
[scraper]   Got live vm-slide (43688 chars)
[scraper] Step 7a: caplog pre-verify beacon
[scraper] Step 7: buildVDataForPost (standalone, browser profile)
[scraper]   vData: VueBKpkQNbhk8PJ_PeBGU6u*hvkJW-...
[scraper] Step 8: verify
  [verify] using jQuery prebuilt body, length: 7477
  [verify] Referer: https://t.captcha.qq.com/cap_union_new_show?aid=2046626881&protocol=https&accver...
[scraper]   errorCode: 12, ticket: none
[scraper] Step 9: caplog post-verify beacon
[scraper]   Failed with errorCode 12, retrying...
[scraper] Attempt 3/3
[scraper] Step 1: prehandle
[scraper]   sess: s1sNMhnB763uXL-n0ne6...
[scraper] Step 2: getSig
[scraper]   nonce: eda1152f11f1daf0
[scraper] Step 3: downloadImages
[scraper]   bg: 20596 bytes, slice: 6473 bytes
[scraper] Step 4: downloadTdc
[scraper]   tdc source: 197257 chars
[scraper] Step 4b: fetch tcaptcha-slide.js (HAR entry 6)
[scraper]   tcaptcha-slide.js fetched
[scraper]   TDC_NAME: FVgbJVJYTmGMFSCMcnTkYjmSFkYnESZF
[scraper]   Source hash: daf0c711ccb82124
[scraper]   Template: B, opcodes: 94
[scraper]   eks: L5218ghX0a7CarttjTP+...
[scraper] Step 5: solveSlider
[scraper]   rawOffset: 472
[scraper]   ans: 472,40;
[scraper] Step 6: generateCollect
[scraper]   Chrome profile: 60 cd fields (canonical 59, reordered via 60-slot cdFieldOrder)
[scraper]   collect length: 6156
[scraper] Fetching vm-slide from show page HTML: https://t.captcha.qq.com/vm-slide.e201876f.enc.js
[scraper]   Got live vm-slide (43688 chars)
[scraper] Step 7a: caplog pre-verify beacon
[scraper] Step 7: buildVDataForPost (standalone, browser profile)
[scraper]   vData: VueBKpkQNbhk8PJ_PeBGUsDygdVqW6...
[scraper] Step 8: verify
  [verify] using jQuery prebuilt body, length: 7934
  [verify] Referer: https://t.captcha.qq.com/cap_union_new_show?aid=2046626881&protocol=https&accver...
[scraper]   errorCode: 12, ticket: none
[scraper] Step 9: caplog post-verify beacon
[scraper]   Failed with errorCode 12, retrying...
[scraper] Attempt 2 failed: CAPTCHA verify returned errorCode 12
[scraper] Attempt 3/3
[scraper] Attempt 1/3
[scraper] Step 1: prehandle
[scraper]   sess: s1pgTZums9DQGlTdXwUm...
[scraper] Step 2: getSig
[scraper]   nonce: eda1152f11f1daf0
[scraper] Step 3: downloadImages
[scraper]   bg: 25383 bytes, slice: 5312 bytes
[scraper] Step 4: downloadTdc
[scraper]   tdc source: 203186 chars
[scraper] Step 4b: fetch tcaptcha-slide.js (HAR entry 6)
[scraper]   tcaptcha-slide.js fetched
[scraper]   TDC_NAME: UAniMSgbcnMTPUjjGcEVEnBCQgkKHVWS
[scraper]   Source hash: 88ebeea62f566ec5
[scraper]   Source hash not in cache — attempting auto-port via pipeline...
[scraper] Auto-porting unknown template: 88ebeea62f566ec5
[scraper] Auto-port failed for 88ebeea62f566ec5: Command failed: /home/ubun/.nvm/versions/node/v22.17.0/bin/node /home/ubun/github.com/tut1vog/reverse-chaosvm/tools/porting-pipeline/run.js /tmp/tdc-autoport-88ebeea62f566ec5.js --skip-verify

[scraper]   Error: Unknown template (hash=88ebeea62f566ec5), auto-port failed
[scraper] Attempt 2/3
[scraper] Step 1: prehandle
[scraper]   sess: s1_82m-bPJIW6C36S2GQ...
[scraper] Step 2: getSig
[scraper]   nonce: eda1152f11f1daf0
[scraper] Step 3: downloadImages
[scraper]   bg: 22247 bytes, slice: 7242 bytes
[scraper] Step 4: downloadTdc
[scraper]   tdc source: 144440 chars
[scraper] Step 4b: fetch tcaptcha-slide.js (HAR entry 6)
[scraper]   tcaptcha-slide.js fetched
[scraper]   TDC_NAME: SlVCfKSRjkmVXRnTigehmWSaDkeUUNfk
[scraper]   Source hash: e5341ccb12b78e65
[scraper]   Template: unknown, opcodes: 96
[scraper]   eks: PyiFcXCFSKX6/dhgug9s...
[scraper] Step 5: solveSlider
[scraper]   rawOffset: 480
[scraper]   ans: 480,33;
[scraper] Step 6: generateCollect
[scraper]   Chrome profile: 60 cd fields (canonical 59, reordered via 60-slot cdFieldOrder)
[scraper]   collect length: 6496
[scraper] Fetching vm-slide from show page HTML: https://t.captcha.qq.com/vm-slide.e201876f.enc.js
[scraper]   Got live vm-slide (43688 chars)
[scraper] Step 7a: caplog pre-verify beacon
[scraper] Step 7: buildVDataForPost (standalone, browser profile)
[scraper]   vData: dzVkp3XO*uHpXXxIkzflsLHBwadV0E...
[scraper] Step 8: verify
  [verify] using jQuery prebuilt body, length: 8329
  [verify] Referer: https://t.captcha.qq.com/cap_union_new_show?aid=2046626881&protocol=https&accver...
[scraper]   errorCode: 12, ticket: none
[scraper] Step 9: caplog post-verify beacon
[scraper]   Failed with errorCode 12, retrying...
[scraper] Attempt 3/3
[scraper] Step 1: prehandle
[scraper]   sess: s1_QiTRonuX1BQaKn0y1...
[scraper] Step 2: getSig
[scraper]   nonce: eda1152f11f1daf0
[scraper] Step 3: downloadImages
[scraper]   bg: 27897 bytes, slice: 9460 bytes
[scraper] Step 4: downloadTdc
[scraper]   tdc source: 129582 chars
[scraper] Step 4b: fetch tcaptcha-slide.js (HAR entry 6)
[scraper]   tcaptcha-slide.js fetched
[scraper]   TDC_NAME: XcabTONObCYZeEGNPRmPGBQbTmYKEAHj
[scraper]   Source hash: e6a45ba64d246f82
[scraper]   Template: unknown, opcodes: 98
[scraper]   eks: 5bDZr2J7d7iSbQWtoXI5...
[scraper] Step 5: solveSlider
[scraper]   rawOffset: 380
[scraper]   ans: 380,30;
[scraper] Step 6: generateCollect
[scraper]   Chrome profile: 60 cd fields (canonical 59, reordered via 60-slot cdFieldOrder)
[scraper]   collect length: 6296
[scraper] Fetching vm-slide from show page HTML: https://t.captcha.qq.com/vm-slide.e201876f.enc.js
[scraper]   Got live vm-slide (43688 chars)
[scraper] Step 7a: caplog pre-verify beacon
[scraper] Step 7: buildVDataForPost (standalone, browser profile)
[scraper]   vData: eZRhh4slDEr7Wq7I-M6*lcUziXG4OV...
[scraper] Step 8: verify
  [verify] using jQuery prebuilt body, length: 8106
  [verify] Referer: https://t.captcha.qq.com/cap_union_new_show?aid=2046626881&protocol=https&accver...
[scraper]   errorCode: 9, ticket: none
[scraper] Step 9: caplog post-verify beacon
[scraper]   Failed with errorCode 9, retrying...
[scraper] Attempt 3 failed: CAPTCHA verify returned errorCode 9
Error: CAPTCHA solve failed after 3 attempts: CAPTCHA verify returned errorCode 9
---
=== attempt 15/30 @ 2026-04-16T13:00:51Z ===
[scraper] Template cache loaded and seeded
[scraper] Default profile loaded
[scraper] jQuery source loaded (96410 chars)
[scraper] vm-slide fallback loaded (43688 chars)
[scraper] vData profile loaded from /home/ubun/github.com/tut1vog/reverse-chaosvm/profiles/vdata-browser-default.json
[scraper] Chrome fingerprint profile loaded (59 canonical fields)
[scraper] Init complete
[scraper] Solving CAPTCHA only (no urlsec query)
[scraper] Attempt 1/3
[scraper] Attempt 1/3
[scraper] Step 1: prehandle
[scraper]   sess: s1Hj-o6w-bWYNFWE-tbR...
[scraper] Step 2: getSig
[scraper]   nonce: eda1152f11f1daf0
[scraper] Step 3: downloadImages
[scraper]   bg: 11495 bytes, slice: 6052 bytes
[scraper] Step 4: downloadTdc
[scraper]   tdc source: 203186 chars
[scraper] Step 4b: fetch tcaptcha-slide.js (HAR entry 6)
[scraper]   tcaptcha-slide.js fetched
[scraper]   TDC_NAME: UAniMSgbcnMTPUjjGcEVEnBCQgkKHVWS
[scraper]   Source hash: 88ebeea62f566ec5
[scraper]   Source hash not in cache — attempting auto-port via pipeline...
[scraper] Auto-porting unknown template: 88ebeea62f566ec5
[scraper] Auto-port failed for 88ebeea62f566ec5: Command failed: /home/ubun/.nvm/versions/node/v22.17.0/bin/node /home/ubun/github.com/tut1vog/reverse-chaosvm/tools/porting-pipeline/run.js /tmp/tdc-autoport-88ebeea62f566ec5.js --skip-verify

[scraper]   Error: Unknown template (hash=88ebeea62f566ec5), auto-port failed
[scraper] Attempt 2/3
[scraper] Step 1: prehandle
[scraper]   sess: s1CqTwCeBHVltPFQCEpO...
[scraper] Step 2: getSig
[scraper]   nonce: eda1152f11f1daf0
[scraper] Step 3: downloadImages
[scraper]   bg: 11536 bytes, slice: 5669 bytes
[scraper] Step 4: downloadTdc
[scraper]   tdc source: 162790 chars
[scraper] Step 4b: fetch tcaptcha-slide.js (HAR entry 6)
[scraper]   tcaptcha-slide.js fetched
[scraper]   TDC_NAME: DkPDkCnAekYMgVghTDOeSKmVZbkVCQUG
[scraper]   Source hash: e2170903e201e018
[scraper]   Template: unknown, opcodes: 93
[scraper]   eks: +e5GB8mEucr3FKVbk1sZ...
[scraper] Step 5: solveSlider
[scraper]   rawOffset: 483
[scraper]   ans: 483,42;
[scraper] Step 6: generateCollect
[scraper]   Chrome profile: 60 cd fields (canonical 59, reordered via 60-slot cdFieldOrder)
[scraper]   collect length: 6348
[scraper] Fetching vm-slide from show page HTML: https://t.captcha.qq.com/vm-slide.e201876f.enc.js
[scraper]   Got live vm-slide (43688 chars)
[scraper] Step 7a: caplog pre-verify beacon
[scraper] Step 7: buildVDataForPost (standalone, browser profile)
[scraper]   vData: -Iq3xF474Ut2Kc98LMr5FT4F2T6e2K...
[scraper] Step 8: verify
  [verify] using jQuery prebuilt body, length: 8091
  [verify] Referer: https://t.captcha.qq.com/cap_union_new_show?aid=2046626881&protocol=https&accver...
[scraper]   errorCode: 12, ticket: none
[scraper] Step 9: caplog post-verify beacon
[scraper]   Failed with errorCode 12, retrying...
[scraper] Attempt 3/3
[scraper] Step 1: prehandle
[scraper]   sess: s16kJYD4zEVV_C07LN4S...
[scraper] Step 2: getSig
[scraper]   nonce: eda1152f11f1daf0
[scraper] Step 3: downloadImages
[scraper]   bg: 15483 bytes, slice: 3737 bytes
[scraper] Step 4: downloadTdc
[scraper]   tdc source: 162790 chars
[scraper] Step 4b: fetch tcaptcha-slide.js (HAR entry 6)
[scraper]   tcaptcha-slide.js fetched
[scraper]   TDC_NAME: DkPDkCnAekYMgVghTDOeSKmVZbkVCQUG
[scraper]   Source hash: e2170903e201e018
[scraper]   Template: unknown, opcodes: 93
[scraper]   eks: IRsyKFD53RbFeSg0ckuJ...
[scraper] Step 5: solveSlider
[scraper]   rawOffset: 494
[scraper]   ans: 494,30;
[scraper] Step 6: generateCollect
[scraper]   Chrome profile: 60 cd fields (canonical 59, reordered via 60-slot cdFieldOrder)
[scraper]   collect length: 6636
[scraper] Fetching vm-slide from show page HTML: https://t.captcha.qq.com/vm-slide.e201876f.enc.js
[scraper]   Got live vm-slide (43688 chars)
[scraper] Step 7a: caplog pre-verify beacon
[scraper] Step 7: buildVDataForPost (standalone, browser profile)
[scraper]   vData: 9gJm5*RsnTbH5un*VDMPPQrCAvnCAy...
[scraper] Step 8: verify
  [verify] using jQuery prebuilt body, length: 8444
  [verify] Referer: https://t.captcha.qq.com/cap_union_new_show?aid=2046626881&protocol=https&accver...
[scraper]   errorCode: 12, ticket: none
[scraper] Step 9: caplog post-verify beacon
[scraper]   Failed with errorCode 12, retrying...
[scraper] Attempt 1 failed: CAPTCHA verify returned errorCode 12
[scraper] Attempt 2/3
[scraper] Attempt 1/3
[scraper] Step 1: prehandle
[scraper]   sess: s1kWs2OglOKCcZbW1bfa...
[scraper] Step 2: getSig
[scraper]   nonce: eda1152f11f1daf0
[scraper] Step 3: downloadImages
[scraper]   bg: 15401 bytes, slice: 4831 bytes
[scraper] Step 4: downloadTdc
[scraper]   tdc source: 197545 chars
[scraper] Step 4b: fetch tcaptcha-slide.js (HAR entry 6)
[scraper]   tcaptcha-slide.js fetched
[scraper]   TDC_NAME: dNiffQDBnfBhFYVHJUXMVbRchmDEmPaH
[scraper]   Source hash: f53142c54fc43699
[scraper]   Source hash not in cache — attempting auto-port via pipeline...
[scraper] Auto-porting unknown template: f53142c54fc43699
[scraper] Auto-port failed for f53142c54fc43699: Command failed: /home/ubun/.nvm/versions/node/v22.17.0/bin/node /home/ubun/github.com/tut1vog/reverse-chaosvm/tools/porting-pipeline/run.js /tmp/tdc-autoport-f53142c54fc43699.js --skip-verify

[scraper]   Error: Unknown template (hash=f53142c54fc43699), auto-port failed
[scraper] Attempt 2/3
[scraper] Step 1: prehandle
[scraper]   sess: s13J9xODuIzKcgh7t1Uv...
[scraper] Step 2: getSig
[scraper]   nonce: eda1152f11f1daf0
[scraper] Step 3: downloadImages
[scraper]   bg: 15308 bytes, slice: 4925 bytes
[scraper] Step 4: downloadTdc
[scraper]   tdc source: 202765 chars
[scraper] Step 4b: fetch tcaptcha-slide.js (HAR entry 6)
[scraper]   tcaptcha-slide.js fetched
[scraper]   TDC_NAME: HhXakMGlnYKgNcBiVFZCDckSRgJKTmgA
[scraper]   Source hash: 27dda893f81dbc4f
[scraper]   Template: unknown, opcodes: 103
[scraper]   eks: EbImbxxud7ateEqNylPB...
[scraper] Step 5: solveSlider
[scraper]   rawOffset: 468
[scraper]   ans: 468,90;
[scraper] Step 6: generateCollect
[scraper]   Chrome profile: 60 cd fields (canonical 59, reordered via 60-slot cdFieldOrder)
[scraper]   collect length: 6476
[scraper] Fetching vm-slide from show page HTML: https://t.captcha.qq.com/vm-slide.e201876f.enc.js
[scraper]   Got live vm-slide (43688 chars)
[scraper] Step 7a: caplog pre-verify beacon
[scraper] Step 7: buildVDataForPost (standalone, browser profile)
[scraper]   vData: 7MjK5yGovGjw1scdQ6-F-9Jj-lBL_A...
[scraper] Step 8: verify
  [verify] using jQuery prebuilt body, length: 8321
  [verify] Referer: https://t.captcha.qq.com/cap_union_new_show?aid=2046626881&protocol=https&accver...
[scraper]   errorCode: 12, ticket: none
[scraper] Step 9: caplog post-verify beacon
[scraper]   Failed with errorCode 12, retrying...
[scraper] Attempt 3/3
[scraper] Step 1: prehandle
[scraper]   sess: s1pMWU3pz9OlWmnK-5Lr...
[scraper] Step 2: getSig
[scraper]   nonce: eda1152f11f1daf0
[scraper] Step 3: downloadImages
[scraper]   bg: 22020 bytes, slice: 7581 bytes
[scraper] Step 4: downloadTdc
[scraper]   tdc source: 161122 chars
[scraper] Step 4b: fetch tcaptcha-slide.js (HAR entry 6)
[scraper]   tcaptcha-slide.js fetched
[scraper]   TDC_NAME: gUbSKiHCiVNcdeXaKTECbTOEkdOclkcR
[scraper]   Source hash: 02fd132edb24a8c1
[scraper]   Template: C, opcodes: 100
[scraper]   eks: 8u8tRzY+jESnWOJt0EAr...
[scraper] Step 5: solveSlider
[scraper]   rawOffset: 454
[scraper]   ans: 454,143;
[scraper] Step 6: generateCollect
[scraper]   Chrome profile: 60 cd fields (canonical 59, reordered via 60-slot cdFieldOrder)
[scraper]   collect length: 6112
[scraper] Fetching vm-slide from show page HTML: https://t.captcha.qq.com/vm-slide.e201876f.enc.js
[scraper]   Got live vm-slide (43688 chars)
[scraper] Step 7a: caplog pre-verify beacon
[scraper] Step 7: buildVDataForPost (standalone, browser profile)
[scraper]   vData: TVNtVnOFowaDlWNBOr35Ozlh-WDceI...
[scraper] Step 8: verify
  [verify] using jQuery prebuilt body, length: 7903
  [verify] Referer: https://t.captcha.qq.com/cap_union_new_show?aid=2046626881&protocol=https&accver...
[scraper]   errorCode: 12, ticket: none
[scraper] Step 9: caplog post-verify beacon
[scraper]   Failed with errorCode 12, retrying...
[scraper] Attempt 2 failed: CAPTCHA verify returned errorCode 12
[scraper] Attempt 3/3
[scraper] Attempt 1/3
[scraper] Step 1: prehandle
[scraper]   sess: s1EkDCrin8Tuc3v8xq2i...
[scraper] Step 2: getSig
[scraper]   nonce: eda1152f11f1daf0
[scraper] Step 3: downloadImages
[scraper]   bg: 27818 bytes, slice: 9385 bytes
[scraper] Step 4: downloadTdc
[scraper]   tdc source: 197545 chars
[scraper] Step 4b: fetch tcaptcha-slide.js (HAR entry 6)
[scraper]   tcaptcha-slide.js fetched
[scraper]   TDC_NAME: dNiffQDBnfBhFYVHJUXMVbRchmDEmPaH
[scraper]   Source hash: f53142c54fc43699
[scraper]   Source hash not in cache — attempting auto-port via pipeline...
[scraper] Auto-porting unknown template: f53142c54fc43699
[scraper] Auto-port failed for f53142c54fc43699: Command failed: /home/ubun/.nvm/versions/node/v22.17.0/bin/node /home/ubun/github.com/tut1vog/reverse-chaosvm/tools/porting-pipeline/run.js /tmp/tdc-autoport-f53142c54fc43699.js --skip-verify

[scraper]   Error: Unknown template (hash=f53142c54fc43699), auto-port failed
[scraper] Attempt 2/3
[scraper] Step 1: prehandle
[scraper]   sess: s1Uk3xTPZgNyNoPN_d7M...
[scraper] Step 2: getSig
[scraper]   nonce: eda1152f11f1daf0
[scraper] Step 3: downloadImages
[scraper]   bg: 24799 bytes, slice: 6226 bytes
[scraper] Step 4: downloadTdc
[scraper]   tdc source: 144440 chars
[scraper] Step 4b: fetch tcaptcha-slide.js (HAR entry 6)
[scraper]   tcaptcha-slide.js fetched
[scraper]   TDC_NAME: SlVCfKSRjkmVXRnTigehmWSaDkeUUNfk
[scraper]   Source hash: e5341ccb12b78e65
[scraper]   Template: unknown, opcodes: 96
[scraper]   eks: JSrVZSF9rIlUWkZbFEtK...
[scraper] Step 5: solveSlider
[scraper]   rawOffset: 472
[scraper]   ans: 472,46;
[scraper] Step 6: generateCollect
[scraper]   Chrome profile: 60 cd fields (canonical 59, reordered via 60-slot cdFieldOrder)
[scraper]   collect length: 6220
[scraper] Fetching vm-slide from show page HTML: https://t.captcha.qq.com/vm-slide.e201876f.enc.js
[scraper]   Got live vm-slide (43688 chars)
[scraper] Step 7a: caplog pre-verify beacon
[scraper] Step 7: buildVDataForPost (standalone, browser profile)
[scraper]   vData: dzVkp3XO*uHpXXxIkzflsLHBwadV0E...
[scraper] Step 8: verify
  [verify] using jQuery prebuilt body, length: 8039
  [verify] Referer: https://t.captcha.qq.com/cap_union_new_show?aid=2046626881&protocol=https&accver...
[scraper]   errorCode: 12, ticket: none
[scraper] Step 9: caplog post-verify beacon
[scraper]   Failed with errorCode 12, retrying...
[scraper] Attempt 3/3
[scraper] Step 1: prehandle
[scraper]   sess: s1pqyz8ToCh3gZlel9Fj...
[scraper] Step 2: getSig
[scraper]   nonce: eda1152f11f1daf0
[scraper] Step 3: downloadImages
[scraper]   bg: 24669 bytes, slice: 6923 bytes
[scraper] Step 4: downloadTdc
[scraper]   tdc source: 129582 chars
[scraper] Step 4b: fetch tcaptcha-slide.js (HAR entry 6)
[scraper]   tcaptcha-slide.js fetched
[scraper]   TDC_NAME: XcabTONObCYZeEGNPRmPGBQbTmYKEAHj
[scraper]   Source hash: e6a45ba64d246f82
[scraper]   Template: unknown, opcodes: 98
[scraper]   eks: IhFpGlBGFX4YJ21PorzU...
[scraper] Step 5: solveSlider
[scraper]   rawOffset: 524
[scraper]   ans: 524,30;
[scraper] Step 6: generateCollect
[scraper]   Chrome profile: 60 cd fields (canonical 59, reordered via 60-slot cdFieldOrder)
[scraper]   collect length: 6424
[scraper] Fetching vm-slide from show page HTML: https://t.captcha.qq.com/vm-slide.e201876f.enc.js
[scraper]   Got live vm-slide (43688 chars)
[scraper] Step 7a: caplog pre-verify beacon
[scraper] Step 7: buildVDataForPost (standalone, browser profile)
[scraper]   vData: -Iq3xF474Ut2Kc98LMr5F24umGC0Tn...
[scraper] Step 8: verify
  [verify] using jQuery prebuilt body, length: 8248
  [verify] Referer: https://t.captcha.qq.com/cap_union_new_show?aid=2046626881&protocol=https&accver...
[scraper]   errorCode: 12, ticket: none
[scraper] Step 9: caplog post-verify beacon
[scraper]   Failed with errorCode 12, retrying...
[scraper] Attempt 3 failed: CAPTCHA verify returned errorCode 12
Error: CAPTCHA solve failed after 3 attempts: CAPTCHA verify returned errorCode 12
---
=== attempt 16/30 @ 2026-04-16T13:01:02Z ===
[scraper] Template cache loaded and seeded
[scraper] Default profile loaded
[scraper] jQuery source loaded (96410 chars)
[scraper] vm-slide fallback loaded (43688 chars)
[scraper] vData profile loaded from /home/ubun/github.com/tut1vog/reverse-chaosvm/profiles/vdata-browser-default.json
[scraper] Chrome fingerprint profile loaded (59 canonical fields)
[scraper] Init complete
[scraper] Solving CAPTCHA only (no urlsec query)
[scraper] Attempt 1/3
[scraper] Attempt 1/3
[scraper] Step 1: prehandle
[scraper]   sess: s1ioN_N-mIhZNeLJcCyI...
[scraper] Step 2: getSig
[scraper]   nonce: eda1152f11f1daf0
[scraper] Step 3: downloadImages
[scraper]   bg: 18054 bytes, slice: 6002 bytes
[scraper] Step 4: downloadTdc
[scraper]   tdc source: 202765 chars
[scraper] Step 4b: fetch tcaptcha-slide.js (HAR entry 6)
[scraper]   tcaptcha-slide.js fetched
[scraper]   TDC_NAME: HhXakMGlnYKgNcBiVFZCDckSRgJKTmgA
[scraper]   Source hash: 27dda893f81dbc4f
[scraper]   Template: unknown, opcodes: 103
[scraper]   eks: SPUwLOOeVBAqOiN+pM1Q...
[scraper] Step 5: solveSlider
[scraper]   rawOffset: 452
[scraper]   ans: 452,62;
[scraper] Step 6: generateCollect
[scraper]   Chrome profile: 60 cd fields (canonical 59, reordered via 60-slot cdFieldOrder)
[scraper]   collect length: 6028
[scraper] Fetching vm-slide from show page HTML: https://t.captcha.qq.com/vm-slide.e201876f.enc.js
[scraper]   Got live vm-slide (43688 chars)
[scraper] Step 7a: caplog pre-verify beacon
[scraper] Step 7: buildVDataForPost (standalone, browser profile)
[scraper]   vData: XvOFebMiaDBU2ciBTDCq9N-SiBe3Pf...
[scraper] Step 8: verify
  [verify] using jQuery prebuilt body, length: 7815
  [verify] Referer: https://t.captcha.qq.com/cap_union_new_show?aid=2046626881&protocol=https&accver...
[scraper]   errorCode: 12, ticket: none
[scraper] Step 9: caplog post-verify beacon
[scraper]   Failed with errorCode 12, retrying...
[scraper] Attempt 2/3
[scraper] Step 1: prehandle
[scraper]   sess: s1xS5Sy36K63T-d5rbnm...
[scraper] Step 2: getSig
[scraper]   nonce: eda1152f11f1daf0
[scraper] Step 3: downloadImages
[scraper]   bg: 15416 bytes, slice: 4988 bytes
[scraper] Step 4: downloadTdc
[scraper]   tdc source: 199611 chars
[scraper] Step 4b: fetch tcaptcha-slide.js (HAR entry 6)
[scraper]   tcaptcha-slide.js fetched
[scraper]   TDC_NAME: BGDfWkdQOJJJTnHCNCnZRJZJSeFRWONJ
[scraper]   Source hash: 3429444f324c6110
[scraper]   Template: unknown, opcodes: 91
[scraper]   eks: fg46YoRPUkDLRwN+YRtc...
[scraper] Step 5: solveSlider
[scraper]   rawOffset: 460
[scraper]   ans: 460,30;
[scraper] Step 6: generateCollect
[scraper]   Chrome profile: 60 cd fields (canonical 59, reordered via 60-slot cdFieldOrder)
[scraper]   collect length: 6252
[scraper] Fetching vm-slide from show page HTML: https://t.captcha.qq.com/vm-slide.e201876f.enc.js
[scraper]   Got live vm-slide (43688 chars)
[scraper] Step 7a: caplog pre-verify beacon
[scraper] Step 7: buildVDataForPost (standalone, browser profile)
[scraper]   vData: -Iq3xF474Ut2Kc98LMr5FjyFxQPzt6...
[scraper] Step 8: verify
  [verify] using jQuery prebuilt body, length: 8083
  [verify] Referer: https://t.captcha.qq.com/cap_union_new_show?aid=2046626881&protocol=https&accver...
[scraper]   errorCode: 12, ticket: none
[scraper] Step 9: caplog post-verify beacon
[scraper]   Failed with errorCode 12, retrying...
[scraper] Attempt 3/3
[scraper] Step 1: prehandle
[scraper]   sess: s1ihq0KAKsxdh5NSrpot...
[scraper] Step 2: getSig
[scraper]   nonce: eda1152f11f1daf0
[scraper] Step 3: downloadImages
[scraper]   bg: 12419 bytes, slice: 4227 bytes
[scraper] Step 4: downloadTdc
[scraper]   tdc source: 161122 chars
[scraper] Step 4b: fetch tcaptcha-slide.js (HAR entry 6)
[scraper]   tcaptcha-slide.js fetched
[scraper]   TDC_NAME: gUbSKiHCiVNcdeXaKTECbTOEkdOclkcR
[scraper]   Source hash: 02fd132edb24a8c1
[scraper]   Template: C, opcodes: 100
[scraper]   eks: rqpwTJme+g/7LV8CApB6...
[scraper] Step 5: solveSlider
[scraper]   rawOffset: 519
[scraper]   ans: 519,43;
[scraper] Step 6: generateCollect
[scraper]   Chrome profile: 60 cd fields (canonical 59, reordered via 60-slot cdFieldOrder)
[scraper]   collect length: 6444
[scraper] Fetching vm-slide from show page HTML: https://t.captcha.qq.com/vm-slide.e201876f.enc.js
[scraper]   Got live vm-slide (43688 chars)
[scraper] Step 7a: caplog pre-verify beacon
[scraper] Step 7: buildVDataForPost (standalone, browser profile)
[scraper]   vData: dzVkp3XO*uHpXXxIkzflsLHBwadV0E...
[scraper] Step 8: verify
  [verify] using jQuery prebuilt body, length: 8240
  [verify] Referer: https://t.captcha.qq.com/cap_union_new_show?aid=2046626881&protocol=https&accver...
[scraper]   errorCode: 12, ticket: none
[scraper] Step 9: caplog post-verify beacon
[scraper]   Failed with errorCode 12, retrying...
[scraper] Attempt 1 failed: CAPTCHA verify returned errorCode 12
[scraper] Attempt 2/3
[scraper] Attempt 1/3
[scraper] Step 1: prehandle
[scraper]   sess: s1oUbGBN4shPUjA07-lT...
[scraper] Step 2: getSig
[scraper]   nonce: eda1152f11f1daf0
[scraper] Step 3: downloadImages
[scraper]   bg: 18091 bytes, slice: 6026 bytes
[scraper] Step 4: downloadTdc
[scraper]   tdc source: 203186 chars
[scraper] Step 4b: fetch tcaptcha-slide.js (HAR entry 6)
[scraper]   tcaptcha-slide.js fetched
[scraper]   TDC_NAME: UAniMSgbcnMTPUjjGcEVEnBCQgkKHVWS
[scraper]   Source hash: 88ebeea62f566ec5
[scraper]   Source hash not in cache — attempting auto-port via pipeline...
[scraper] Auto-porting unknown template: 88ebeea62f566ec5
[scraper] Auto-port failed for 88ebeea62f566ec5: Command failed: /home/ubun/.nvm/versions/node/v22.17.0/bin/node /home/ubun/github.com/tut1vog/reverse-chaosvm/tools/porting-pipeline/run.js /tmp/tdc-autoport-88ebeea62f566ec5.js --skip-verify

[scraper]   Error: Unknown template (hash=88ebeea62f566ec5), auto-port failed
[scraper] Attempt 2/3
[scraper] Step 1: prehandle
[scraper]   sess: s11ith0fXqfTvq88tvPl...
[scraper] Step 2: getSig
[scraper]   nonce: eda1152f11f1daf0
[scraper] Step 3: downloadImages
[scraper]   bg: 11562 bytes, slice: 5999 bytes
[scraper] Step 4: downloadTdc
[scraper]   tdc source: 162790 chars
[scraper] Step 4b: fetch tcaptcha-slide.js (HAR entry 6)
[scraper]   tcaptcha-slide.js fetched
[scraper]   TDC_NAME: DkPDkCnAekYMgVghTDOeSKmVZbkVCQUG
[scraper]   Source hash: e2170903e201e018
[scraper]   Template: unknown, opcodes: 93
[scraper]   eks: vFJ1E1jXx8/2BOjq99r/...
[scraper] Step 5: solveSlider
[scraper]   rawOffset: 461
[scraper]   ans: 461,53;
[scraper] Step 6: generateCollect
[scraper]   Chrome profile: 60 cd fields (canonical 59, reordered via 60-slot cdFieldOrder)
[scraper]   collect length: 6360
[scraper] Fetching vm-slide from show page HTML: https://t.captcha.qq.com/vm-slide.e201876f.enc.js
[scraper]   Got live vm-slide (43688 chars)
[scraper] Step 7a: caplog pre-verify beacon
[scraper] Step 7: buildVDataForPost (standalone, browser profile)
[scraper]   vData: XvOFebMiaDBU2ciBTDCq9n5HrEEa4Z...
[scraper] Step 8: verify
  [verify] using jQuery prebuilt body, length: 8225
  [verify] Referer: https://t.captcha.qq.com/cap_union_new_show?aid=2046626881&protocol=https&accver...
[scraper]   errorCode: 12, ticket: none
[scraper] Step 9: caplog post-verify beacon
[scraper]   Failed with errorCode 12, retrying...
[scraper] Attempt 3/3
[scraper] Step 1: prehandle
[scraper]   sess: s1_B_hsdipGcneFdawaq...
[scraper] Step 2: getSig
[scraper]   nonce: eda1152f11f1daf0
[scraper] Step 3: downloadImages
[scraper]   bg: 12395 bytes, slice: 4056 bytes
[scraper] Step 4: downloadTdc
[scraper]   tdc source: 207422 chars
[scraper] Step 4b: fetch tcaptcha-slide.js (HAR entry 6)
[scraper]   tcaptcha-slide.js fetched
[scraper]   TDC_NAME: GCDJAPicKHeHfOBnnYMEdUgUkTnAhOFV
[scraper]   Source hash: 8f1d32beb4fcaa4d
[scraper]   Template: unknown, opcodes: 96
[scraper]   eks: m/0e4OcmW2ztbIkwp9rh...
[scraper] Step 5: solveSlider
[scraper]   rawOffset: 493
[scraper]   ans: 493,41;
[scraper] Step 6: generateCollect
[scraper]   Chrome profile: 60 cd fields (canonical 59, reordered via 60-slot cdFieldOrder)
[scraper]   collect length: 5440
[scraper] Fetching vm-slide from show page HTML: https://t.captcha.qq.com/vm-slide.e201876f.enc.js
[scraper]   Got live vm-slide (43688 chars)
[scraper] Step 7a: caplog pre-verify beacon
[scraper] Step 7: buildVDataForPost (standalone, browser profile)
[scraper]   vData: Tge5LQwk2pg1yNqAktNjgZf0*-tsXJ...
[scraper] Step 8: verify
  [verify] using jQuery prebuilt body, length: 7168
  [verify] Referer: https://t.captcha.qq.com/cap_union_new_show?aid=2046626881&protocol=https&accver...
[scraper]   errorCode: 12, ticket: none
[scraper] Step 9: caplog post-verify beacon
[scraper]   Failed with errorCode 12, retrying...
[scraper] Attempt 2 failed: CAPTCHA verify returned errorCode 12
[scraper] Attempt 3/3
[scraper] Attempt 1/3
[scraper] Step 1: prehandle
[scraper]   sess: s1TG54t3ITmZpHcA3WBT...
[scraper] Step 2: getSig
[scraper]   nonce: eda1152f11f1daf0
[scraper] Step 3: downloadImages
[scraper]   bg: 20554 bytes, slice: 6744 bytes
[scraper] Step 4: downloadTdc
[scraper]   tdc source: 199611 chars
[scraper] Step 4b: fetch tcaptcha-slide.js (HAR entry 6)
[scraper]   tcaptcha-slide.js fetched
[scraper]   TDC_NAME: BGDfWkdQOJJJTnHCNCnZRJZJSeFRWONJ
[scraper]   Source hash: 3429444f324c6110
[scraper]   Template: unknown, opcodes: 91
[scraper]   eks: Cno8t31XBcT7Nn3eJq8m...
[scraper] Step 5: solveSlider
[scraper]   rawOffset: 473
[scraper]   ans: 473,30;
[scraper] Step 6: generateCollect
[scraper]   Chrome profile: 60 cd fields (canonical 59, reordered via 60-slot cdFieldOrder)
[scraper]   collect length: 6584
[scraper] Fetching vm-slide from show page HTML: https://t.captcha.qq.com/vm-slide.e201876f.enc.js
[scraper]   Got live vm-slide (43688 chars)
[scraper] Step 7a: caplog pre-verify beacon
[scraper] Step 7: buildVDataForPost (standalone, browser profile)
[scraper]   vData: VueBKpkQNbhk8PJ_PeBGUsDygdVqW6...
[scraper] Step 8: verify
  [verify] using jQuery prebuilt body, length: 8435
  [verify] Referer: https://t.captcha.qq.com/cap_union_new_show?aid=2046626881&protocol=https&accver...
[scraper]   errorCode: 12, ticket: none
[scraper] Step 9: caplog post-verify beacon
[scraper]   Failed with errorCode 12, retrying...
[scraper] Attempt 2/3
[scraper] Step 1: prehandle
[scraper]   sess: s1srVk2frs9ky_frYlBs...
[scraper] Step 2: getSig
[scraper]   nonce: eda1152f11f1daf0
[scraper] Step 3: downloadImages
[scraper]   bg: 27869 bytes, slice: 8949 bytes
[scraper] Step 4: downloadTdc
[scraper]   tdc source: 144440 chars
[scraper] Step 4b: fetch tcaptcha-slide.js (HAR entry 6)
[scraper]   tcaptcha-slide.js fetched
[scraper]   TDC_NAME: SlVCfKSRjkmVXRnTigehmWSaDkeUUNfk
[scraper]   Source hash: e5341ccb12b78e65
[scraper]   Template: unknown, opcodes: 96
[scraper]   eks: DPsA+Bjzo5ZThvKWqLW8...
[scraper] Step 5: solveSlider
[scraper]   rawOffset: 250
[scraper]   ans: 250,158;
[scraper] Step 6: generateCollect
[scraper]   Chrome profile: 60 cd fields (canonical 59, reordered via 60-slot cdFieldOrder)
[scraper]   collect length: 6136
[scraper] Fetching vm-slide from show page HTML: https://t.captcha.qq.com/vm-slide.e201876f.enc.js
[scraper]   Got live vm-slide (43688 chars)
[scraper] Step 7a: caplog pre-verify beacon
[scraper] Step 7: buildVDataForPost (standalone, browser profile)
[scraper]   vData: BfHQMnKEzQskxlniLWQa1qiNOQvZBx...
[scraper] Step 8: verify
  [verify] using jQuery prebuilt body, length: 7974
  [verify] Referer: https://t.captcha.qq.com/cap_union_new_show?aid=2046626881&protocol=https&accver...
[scraper]   errorCode: 9, ticket: none
[scraper] Step 9: caplog post-verify beacon
[scraper]   Failed with errorCode 9, retrying...
[scraper] Attempt 3/3
[scraper] Step 1: prehandle
[scraper]   sess: s1oQaJYDP_g-SQfAv6Al...
[scraper] Step 2: getSig
[scraper]   nonce: eda1152f11f1daf0
[scraper] Step 3: downloadImages
[scraper]   bg: 27872 bytes, slice: 8703 bytes
[scraper] Step 4: downloadTdc
[scraper]   tdc source: 161122 chars
[scraper] Step 4b: fetch tcaptcha-slide.js (HAR entry 6)
[scraper]   tcaptcha-slide.js fetched
[scraper]   TDC_NAME: gUbSKiHCiVNcdeXaKTECbTOEkdOclkcR
[scraper]   Source hash: 02fd132edb24a8c1
[scraper]   Template: C, opcodes: 100
[scraper]   eks: 39pB56NjjnEw/4ULMTF/...
[scraper] Step 5: solveSlider
[scraper]   rawOffset: 250
[scraper]   ans: 250,158;
[scraper] Step 6: generateCollect
[scraper]   Chrome profile: 60 cd fields (canonical 59, reordered via 60-slot cdFieldOrder)
[scraper]   collect length: 6348
[scraper] Fetching vm-slide from show page HTML: https://t.captcha.qq.com/vm-slide.e201876f.enc.js
[scraper]   Got live vm-slide (43688 chars)
[scraper] Step 7a: caplog pre-verify beacon
[scraper] Step 7: buildVDataForPost (standalone, browser profile)
[scraper]   vData: XvOFebMiaDBU2ciBTDCq9m5Fjq8wNo...
[scraper] Step 8: verify
  [verify] using jQuery prebuilt body, length: 8129
  [verify] Referer: https://t.captcha.qq.com/cap_union_new_show?aid=2046626881&protocol=https&accver...
[scraper]   errorCode: 9, ticket: none
[scraper] Step 9: caplog post-verify beacon
[scraper]   Failed with errorCode 9, retrying...
[scraper] Attempt 3 failed: CAPTCHA verify returned errorCode 9
Error: CAPTCHA solve failed after 3 attempts: CAPTCHA verify returned errorCode 9
---
=== attempt 17/30 @ 2026-04-16T13:01:12Z ===
[scraper] Template cache loaded and seeded
[scraper] Default profile loaded
[scraper] jQuery source loaded (96410 chars)
[scraper] vm-slide fallback loaded (43688 chars)
[scraper] vData profile loaded from /home/ubun/github.com/tut1vog/reverse-chaosvm/profiles/vdata-browser-default.json
[scraper] Chrome fingerprint profile loaded (59 canonical fields)
[scraper] Init complete
[scraper] Solving CAPTCHA only (no urlsec query)
[scraper] Attempt 1/3
[scraper] Attempt 1/3
[scraper] Step 1: prehandle
[scraper]   sess: s1WU6ourOCPpCZgdK5PU...
[scraper] Step 2: getSig
[scraper]   nonce: eda1152f11f1daf0
[scraper] Step 3: downloadImages
[scraper]   bg: 13740 bytes, slice: 5451 bytes
[scraper] Step 4: downloadTdc
[scraper]   tdc source: 199611 chars
[scraper] Step 4b: fetch tcaptcha-slide.js (HAR entry 6)
[scraper]   tcaptcha-slide.js fetched
[scraper]   TDC_NAME: BGDfWkdQOJJJTnHCNCnZRJZJSeFRWONJ
[scraper]   Source hash: 3429444f324c6110
[scraper]   Template: unknown, opcodes: 91
[scraper]   eks: 2A/Dy6EavuSioG8D9FbF...
[scraper] Step 5: solveSlider
[scraper]   rawOffset: 494
[scraper]   ans: 494,143;
[scraper] Step 6: generateCollect
[scraper]   Chrome profile: 60 cd fields (canonical 59, reordered via 60-slot cdFieldOrder)
[scraper]   collect length: 6360
[scraper] Fetching vm-slide from show page HTML: https://t.captcha.qq.com/vm-slide.e201876f.enc.js
[scraper]   Got live vm-slide (43688 chars)
[scraper] Step 7a: caplog pre-verify beacon
[scraper] Step 7: buildVDataForPost (standalone, browser profile)
[scraper]   vData: znXmtEQyJRg6ee*_8nJviMhf*bP0_k...
[scraper] Step 8: verify
  [verify] using jQuery prebuilt body, length: 8120
  [verify] Referer: https://t.captcha.qq.com/cap_union_new_show?aid=2046626881&protocol=https&accver...
[scraper]   errorCode: 12, ticket: none
[scraper] Step 9: caplog post-verify beacon
[scraper]   Failed with errorCode 12, retrying...
[scraper] Attempt 2/3
[scraper] Step 1: prehandle
[scraper]   sess: s1Oh2f0MUTfDPBI3q7c1...
[scraper] Step 2: getSig
[scraper]   nonce: eda1152f11f1daf0
[scraper] Step 3: downloadImages
[scraper]   bg: 11503 bytes, slice: 6422 bytes
[scraper] Step 4: downloadTdc
[scraper]   tdc source: 162790 chars
[scraper] Step 4b: fetch tcaptcha-slide.js (HAR entry 6)
[scraper]   tcaptcha-slide.js fetched
[scraper]   TDC_NAME: DkPDkCnAekYMgVghTDOeSKmVZbkVCQUG
[scraper]   Source hash: e2170903e201e018
[scraper]   Template: unknown, opcodes: 93
[scraper]   eks: LnWNEEED9jS5Fyscawcr...
[scraper] Step 5: solveSlider
[scraper]   rawOffset: 464
[scraper]   ans: 464,34;
[scraper] Step 6: generateCollect
[scraper]   Chrome profile: 60 cd fields (canonical 59, reordered via 60-slot cdFieldOrder)
[scraper]   collect length: 6412
[scraper] Fetching vm-slide from show page HTML: https://t.captcha.qq.com/vm-slide.e201876f.enc.js
[scraper]   Got live vm-slide (43688 chars)
[scraper] Step 7a: caplog pre-verify beacon
[scraper] Step 7: buildVDataForPost (standalone, browser profile)
[scraper]   vData: iJzWWSQA6AB3H1MgulBNIV13j*5LAi...
[scraper] Step 8: verify
  [verify] using jQuery prebuilt body, length: 8191
  [verify] Referer: https://t.captcha.qq.com/cap_union_new_show?aid=2046626881&protocol=https&accver...
[scraper]   errorCode: 12, ticket: none
[scraper] Step 9: caplog post-verify beacon
[scraper]   Failed with errorCode 12, retrying...
[scraper] Attempt 3/3
[scraper] Step 1: prehandle
[scraper]   sess: s12M4oR62zrmp260HDq7...
[scraper] Step 2: getSig
[scraper]   nonce: eda1152f11f1daf0
[scraper] Step 3: downloadImages
[scraper]   bg: 11582 bytes, slice: 5215 bytes
[scraper] Step 4: downloadTdc
[scraper]   tdc source: 199611 chars
[scraper] Step 4b: fetch tcaptcha-slide.js (HAR entry 6)
[scraper]   tcaptcha-slide.js fetched
[scraper]   TDC_NAME: BGDfWkdQOJJJTnHCNCnZRJZJSeFRWONJ
[scraper]   Source hash: 3429444f324c6110
[scraper]   Template: unknown, opcodes: 91
[scraper]   eks: kTs546bWLzq76JVVLu5w...
[scraper] Step 5: solveSlider
[scraper]   rawOffset: 460
[scraper]   ans: 460,86;
[scraper] Step 6: generateCollect
[scraper]   Chrome profile: 60 cd fields (canonical 59, reordered via 60-slot cdFieldOrder)
[scraper]   collect length: 6624
[scraper] Fetching vm-slide from show page HTML: https://t.captcha.qq.com/vm-slide.e201876f.enc.js
[scraper]   Got live vm-slide (43688 chars)
[scraper] Step 7a: caplog pre-verify beacon
[scraper] Step 7: buildVDataForPost (standalone, browser profile)
[scraper]   vData: -Iq3xF474Ut2Kc98LMr5F3X0cQihFa...
[scraper] Step 8: verify
  [verify] using jQuery prebuilt body, length: 8420
  [verify] Referer: https://t.captcha.qq.com/cap_union_new_show?aid=2046626881&protocol=https&accver...
[scraper]   errorCode: 12, ticket: none
[scraper] Step 9: caplog post-verify beacon
[scraper]   Failed with errorCode 12, retrying...
[scraper] Attempt 1 failed: CAPTCHA verify returned errorCode 12
[scraper] Attempt 2/3
[scraper] Attempt 1/3
[scraper] Step 1: prehandle
[scraper]   sess: s12g2eukSiNQTWvaKHf_...
[scraper] Step 2: getSig
[scraper]   nonce: eda1152f11f1daf0
[scraper] Step 3: downloadImages
[scraper]   bg: 25037 bytes, slice: 5606 bytes
[scraper] Step 4: downloadTdc
[scraper]   tdc source: 144440 chars
[scraper] Step 4b: fetch tcaptcha-slide.js (HAR entry 6)
[scraper]   tcaptcha-slide.js fetched
[scraper]   TDC_NAME: SlVCfKSRjkmVXRnTigehmWSaDkeUUNfk
[scraper]   Source hash: e5341ccb12b78e65
[scraper]   Template: unknown, opcodes: 96
[scraper]   eks: tS+bcbNS3l5Mywr80MDJ...
[scraper] Step 5: solveSlider
[scraper]   rawOffset: 450
[scraper]   ans: 450,30;
[scraper] Step 6: generateCollect
[scraper]   Chrome profile: 60 cd fields (canonical 59, reordered via 60-slot cdFieldOrder)
[scraper]   collect length: 6604
[scraper] Fetching vm-slide from show page HTML: https://t.captcha.qq.com/vm-slide.e201876f.enc.js
[scraper]   Got live vm-slide (43688 chars)
[scraper] Step 7a: caplog pre-verify beacon
[scraper] Step 7: buildVDataForPost (standalone, browser profile)
[scraper]   vData: Uh5m8nhwlU2tIHP3yQamsIZucDmdS9...
[scraper] Step 8: verify
  [verify] using jQuery prebuilt body, length: 8429
  [verify] Referer: https://t.captcha.qq.com/cap_union_new_show?aid=2046626881&protocol=https&accver...
[scraper]   errorCode: 12, ticket: none
[scraper] Step 9: caplog post-verify beacon
[scraper]   Failed with errorCode 12, retrying...
[scraper] Attempt 2/3
[scraper] Step 1: prehandle
[scraper]   sess: s1rUuNpUfxKy39b3-NJb...
[scraper] Step 2: getSig
[scraper]   nonce: eda1152f11f1daf0
[scraper] Step 3: downloadImages
[scraper]   bg: 24881 bytes, slice: 5537 bytes
[scraper] Step 4: downloadTdc
[scraper]   tdc source: 144440 chars
[scraper] Step 4b: fetch tcaptcha-slide.js (HAR entry 6)
[scraper]   tcaptcha-slide.js fetched
[scraper]   TDC_NAME: SlVCfKSRjkmVXRnTigehmWSaDkeUUNfk
[scraper]   Source hash: e5341ccb12b78e65
[scraper]   Template: unknown, opcodes: 96
[scraper]   eks: qZn1GHbihvXUZ2AZNFN8...
[scraper] Step 5: solveSlider
[scraper]   rawOffset: 469
[scraper]   ans: 469,64;
[scraper] Step 6: generateCollect
[scraper]   Chrome profile: 60 cd fields (canonical 59, reordered via 60-slot cdFieldOrder)
[scraper]   collect length: 6284
[scraper] Fetching vm-slide from show page HTML: https://t.captcha.qq.com/vm-slide.e201876f.enc.js
[scraper]   Got live vm-slide (43688 chars)
[scraper] Step 7a: caplog pre-verify beacon
[scraper] Step 7: buildVDataForPost (standalone, browser profile)
[scraper]   vData: aUV_xBFckJ32tI87aQr9LPONgHCku0...
[scraper] Step 8: verify
  [verify] using jQuery prebuilt body, length: 8107
  [verify] Referer: https://t.captcha.qq.com/cap_union_new_show?aid=2046626881&protocol=https&accver...
[scraper]   errorCode: 12, ticket: none
[scraper] Step 9: caplog post-verify beacon
[scraper]   Failed with errorCode 12, retrying...
[scraper] Attempt 3/3
[scraper] Step 1: prehandle
[scraper]   sess: s1oJ5FYUqOQ42_EfgkDO...
[scraper] Step 2: getSig
[scraper]   nonce: eda1152f11f1daf0
[scraper] Step 3: downloadImages
[scraper]   bg: 11603 bytes, slice: 4921 bytes
[scraper] Step 4: downloadTdc
[scraper]   tdc source: 161122 chars
[scraper] Step 4b: fetch tcaptcha-slide.js (HAR entry 6)
[scraper]   tcaptcha-slide.js fetched
[scraper]   TDC_NAME: gUbSKiHCiVNcdeXaKTECbTOEkdOclkcR
[scraper]   Source hash: 02fd132edb24a8c1
[scraper]   Template: C, opcodes: 100
[scraper]   eks: cLzLIVen2DYXAMeMILGx...
[scraper] Step 5: solveSlider
[scraper]   rawOffset: 517
[scraper]   ans: 517,78;
[scraper] Step 6: generateCollect
[scraper]   Chrome profile: 60 cd fields (canonical 59, reordered via 60-slot cdFieldOrder)
[scraper]   collect length: 6284
[scraper] Fetching vm-slide from show page HTML: https://t.captcha.qq.com/vm-slide.e201876f.enc.js
[scraper]   Got live vm-slide (43688 chars)
[scraper] Step 7a: caplog pre-verify beacon
[scraper] Step 7: buildVDataForPost (standalone, browser profile)
[scraper]   vData: 9yIv1GMZ-ooXnvFO4d*17ZcmUwIXaa...
[scraper] Step 8: verify
  [verify] using jQuery prebuilt body, length: 8092
  [verify] Referer: https://t.captcha.qq.com/cap_union_new_show?aid=2046626881&protocol=https&accver...
[scraper]   errorCode: 12, ticket: none
[scraper] Step 9: caplog post-verify beacon
[scraper]   Failed with errorCode 12, retrying...
[scraper] Attempt 2 failed: CAPTCHA verify returned errorCode 12
[scraper] Attempt 3/3
[scraper] Attempt 1/3
[scraper] Step 1: prehandle
[scraper]   sess: s1piEKJ-5dMeYlX1gClT...
[scraper] Step 2: getSig
[scraper]   nonce: eda1152f11f1daf0
[scraper] Step 3: downloadImages
[scraper]   bg: 13734 bytes, slice: 6036 bytes
[scraper] Step 4: downloadTdc
[scraper]   tdc source: 129582 chars
[scraper] Step 4b: fetch tcaptcha-slide.js (HAR entry 6)
[scraper]   tcaptcha-slide.js fetched
[scraper]   TDC_NAME: XcabTONObCYZeEGNPRmPGBQbTmYKEAHj
[scraper]   Source hash: e6a45ba64d246f82
[scraper]   Template: unknown, opcodes: 98
[scraper]   eks: wMYnDkdkT8EvCC0cQLae...
[scraper] Step 5: solveSlider
[scraper]   rawOffset: 458
[scraper]   ans: 458,30;
[scraper] Step 6: generateCollect
[scraper]   Chrome profile: 60 cd fields (canonical 59, reordered via 60-slot cdFieldOrder)
[scraper]   collect length: 6360
[scraper] Fetching vm-slide from show page HTML: https://t.captcha.qq.com/vm-slide.e201876f.enc.js
[scraper]   Got live vm-slide (43688 chars)
[scraper] Step 7a: caplog pre-verify beacon
[scraper] Step 7: buildVDataForPost (standalone, browser profile)
[scraper]   vData: -Iq3xF474Ut2Kc98LMr5F-*yn4kEQk...
[scraper] Step 8: verify
  [verify] using jQuery prebuilt body, length: 8147
  [verify] Referer: https://t.captcha.qq.com/cap_union_new_show?aid=2046626881&protocol=https&accver...
[scraper]   errorCode: 12, ticket: none
[scraper] Step 9: caplog post-verify beacon
[scraper]   Failed with errorCode 12, retrying...
[scraper] Attempt 2/3
[scraper] Step 1: prehandle
[scraper]   sess: s1sFT0KtygJ8kEMbv7dH...
[scraper] Step 2: getSig
[scraper]   nonce: eda1152f11f1daf0
[scraper] Step 3: downloadImages
[scraper]   bg: 13771 bytes, slice: 6313 bytes
[scraper] Step 4: downloadTdc
[scraper]   tdc source: 203186 chars
[scraper] Step 4b: fetch tcaptcha-slide.js (HAR entry 6)
[scraper]   tcaptcha-slide.js fetched
[scraper]   TDC_NAME: UAniMSgbcnMTPUjjGcEVEnBCQgkKHVWS
[scraper]   Source hash: 88ebeea62f566ec5
[scraper]   Source hash not in cache — attempting auto-port via pipeline...
[scraper] Auto-porting unknown template: 88ebeea62f566ec5
[scraper] Auto-port failed for 88ebeea62f566ec5: Command failed: /home/ubun/.nvm/versions/node/v22.17.0/bin/node /home/ubun/github.com/tut1vog/reverse-chaosvm/tools/porting-pipeline/run.js /tmp/tdc-autoport-88ebeea62f566ec5.js --skip-verify

[scraper]   Error: Unknown template (hash=88ebeea62f566ec5), auto-port failed
[scraper] Attempt 3/3
[scraper] Step 1: prehandle
[scraper]   sess: s1_6ZpQo-l7BK3GRYfRZ...
[scraper] Step 2: getSig
[scraper]   nonce: eda1152f11f1daf0
[scraper] Step 3: downloadImages
[scraper]   bg: 20487 bytes, slice: 6991 bytes
[scraper] Step 4: downloadTdc
[scraper]   tdc source: 207422 chars
[scraper] Step 4b: fetch tcaptcha-slide.js (HAR entry 6)
[scraper]   tcaptcha-slide.js fetched
[scraper]   TDC_NAME: GCDJAPicKHeHfOBnnYMEdUgUkTnAhOFV
[scraper]   Source hash: 8f1d32beb4fcaa4d
[scraper]   Template: unknown, opcodes: 96
[scraper]   eks: QMR5ur4N4tMNr5JjEGts...
[scraper] Step 5: solveSlider
[scraper]   rawOffset: 463
[scraper]   ans: 463,94;
[scraper] Step 6: generateCollect
[scraper]   Chrome profile: 60 cd fields (canonical 59, reordered via 60-slot cdFieldOrder)
[scraper]   collect length: 5216
[scraper] Fetching vm-slide from show page HTML: https://t.captcha.qq.com/vm-slide.e201876f.enc.js
[scraper]   Got live vm-slide (43688 chars)
[scraper] Step 7a: caplog pre-verify beacon
[scraper] Step 7: buildVDataForPost (standalone, browser profile)
[scraper]   vData: VueBKpkQNbhk8PJ_PeBGUrZa0SQPFx...
[scraper] Step 8: verify
  [verify] using jQuery prebuilt body, length: 6906
  [verify] Referer: https://t.captcha.qq.com/cap_union_new_show?aid=2046626881&protocol=https&accver...
[scraper]   errorCode: 12, ticket: none
[scraper] Step 9: caplog post-verify beacon
[scraper]   Failed with errorCode 12, retrying...
[scraper] Attempt 3 failed: CAPTCHA verify returned errorCode 12
Error: CAPTCHA solve failed after 3 attempts: CAPTCHA verify returned errorCode 12
---
=== attempt 18/30 @ 2026-04-16T13:01:22Z ===
[scraper] Template cache loaded and seeded
[scraper] Default profile loaded
[scraper] jQuery source loaded (96410 chars)
[scraper] vm-slide fallback loaded (43688 chars)
[scraper] vData profile loaded from /home/ubun/github.com/tut1vog/reverse-chaosvm/profiles/vdata-browser-default.json
[scraper] Chrome fingerprint profile loaded (59 canonical fields)
[scraper] Init complete
[scraper] Solving CAPTCHA only (no urlsec query)
[scraper] Attempt 1/3
[scraper] Attempt 1/3
[scraper] Step 1: prehandle
[scraper]   sess: s1-QQH9tiEADUTgTGqBE...
[scraper] Step 2: getSig
[scraper]   nonce: eda1152f11f1daf0
[scraper] Step 3: downloadImages
[scraper]   bg: 18073 bytes, slice: 5631 bytes
[scraper] Step 4: downloadTdc
[scraper]   tdc source: 161122 chars
[scraper] Step 4b: fetch tcaptcha-slide.js (HAR entry 6)
[scraper]   tcaptcha-slide.js fetched
[scraper]   TDC_NAME: gUbSKiHCiVNcdeXaKTECbTOEkdOclkcR
[scraper]   Source hash: 02fd132edb24a8c1
[scraper]   Template: C, opcodes: 100
[scraper]   eks: uvnpOA6ykuX076uz8QE5...
[scraper] Step 5: solveSlider
[scraper]   rawOffset: 457
[scraper]   ans: 457,80;
[scraper] Step 6: generateCollect
[scraper]   Chrome profile: 60 cd fields (canonical 59, reordered via 60-slot cdFieldOrder)
[scraper]   collect length: 6284
[scraper] Fetching vm-slide from show page HTML: https://t.captcha.qq.com/vm-slide.e201876f.enc.js
[scraper]   Got live vm-slide (43688 chars)
[scraper] Step 7a: caplog pre-verify beacon
[scraper] Step 7: buildVDataForPost (standalone, browser profile)
[scraper]   vData: dzVkp3XO*uHpXXxIkzflsLHBwadV0E...
[scraper] Step 8: verify
  [verify] using jQuery prebuilt body, length: 8057
  [verify] Referer: https://t.captcha.qq.com/cap_union_new_show?aid=2046626881&protocol=https&accver...
[scraper]   errorCode: 12, ticket: none
[scraper] Step 9: caplog post-verify beacon
[scraper]   Failed with errorCode 12, retrying...
[scraper] Attempt 2/3
[scraper] Step 1: prehandle
[scraper]   sess: s13AOutkiNyi93lzVoYR...
[scraper] Step 2: getSig
[scraper]   nonce: eda1152f11f1daf0
[scraper] Step 3: downloadImages
[scraper]   bg: 18139 bytes, slice: 5837 bytes
[scraper] Step 4: downloadTdc
[scraper]   tdc source: 197257 chars
[scraper] Step 4b: fetch tcaptcha-slide.js (HAR entry 6)
[scraper]   tcaptcha-slide.js fetched
[scraper]   TDC_NAME: FVgbJVJYTmGMFSCMcnTkYjmSFkYnESZF
[scraper]   Source hash: daf0c711ccb82124
[scraper]   Template: B, opcodes: 94
[scraper]   eks: v1IksmlwVpcaIhxMuOux...
[scraper] Step 5: solveSlider
[scraper]   rawOffset: 518
[scraper]   ans: 518,158;
[scraper] Step 6: generateCollect
[scraper]   Chrome profile: 60 cd fields (canonical 59, reordered via 60-slot cdFieldOrder)
[scraper]   collect length: 6304
[scraper] Fetching vm-slide from show page HTML: https://t.captcha.qq.com/vm-slide.e201876f.enc.js
[scraper]   Got live vm-slide (43688 chars)
[scraper] Step 7a: caplog pre-verify beacon
[scraper] Step 7: buildVDataForPost (standalone, browser profile)
[scraper]   vData: VueBKpkQNbhk8PJ_PeBGU6NmzxyIi8...
[scraper] Step 8: verify
  [verify] using jQuery prebuilt body, length: 8128
  [verify] Referer: https://t.captcha.qq.com/cap_union_new_show?aid=2046626881&protocol=https&accver...
[scraper]   errorCode: 12, ticket: none
[scraper] Step 9: caplog post-verify beacon
[scraper]   Failed with errorCode 12, retrying...
[scraper] Attempt 3/3
[scraper] Step 1: prehandle
[scraper]   sess: s1e-nxhG8FDyxj9_HUH4...
[scraper] Step 2: getSig
[scraper]   nonce: eda1152f11f1daf0
[scraper] Step 3: downloadImages
[scraper]   bg: 22221 bytes, slice: 7146 bytes
[scraper] Step 4: downloadTdc
[scraper]   tdc source: 207422 chars
[scraper] Step 4b: fetch tcaptcha-slide.js (HAR entry 6)
[scraper]   tcaptcha-slide.js fetched
[scraper]   TDC_NAME: GCDJAPicKHeHfOBnnYMEdUgUkTnAhOFV
[scraper]   Source hash: 8f1d32beb4fcaa4d
[scraper]   Template: unknown, opcodes: 96
[scraper]   eks: aLCVMKLf5/YMsjhersCv...
[scraper] Step 5: solveSlider
[scraper]   rawOffset: 495
[scraper]   ans: 495,32;
[scraper] Step 6: generateCollect
[scraper]   Chrome profile: 60 cd fields (canonical 59, reordered via 60-slot cdFieldOrder)
[scraper]   collect length: 5272
[scraper] Fetching vm-slide from show page HTML: https://t.captcha.qq.com/vm-slide.e201876f.enc.js
[scraper]   Got live vm-slide (43688 chars)
[scraper] Step 7a: caplog pre-verify beacon
[scraper] Step 7: buildVDataForPost (standalone, browser profile)
[scraper]   vData: VueBKpkQNbhk8PJ_PeBGU6u*hvkJW-...
[scraper] Step 8: verify
  [verify] using jQuery prebuilt body, length: 7030
  [verify] Referer: https://t.captcha.qq.com/cap_union_new_show?aid=2046626881&protocol=https&accver...
[scraper]   errorCode: 12, ticket: none
[scraper] Step 9: caplog post-verify beacon
[scraper]   Failed with errorCode 12, retrying...
[scraper] Attempt 1 failed: CAPTCHA verify returned errorCode 12
[scraper] Attempt 2/3
[scraper] Attempt 1/3
[scraper] Step 1: prehandle
[scraper]   sess: s1i7W5BpuECfAdsdEk6v...
[scraper] Step 2: getSig
[scraper]   nonce: eda1152f11f1daf0
[scraper] Step 3: downloadImages
[scraper]   bg: 15427 bytes, slice: 4608 bytes
[scraper] Step 4: downloadTdc
[scraper]   tdc source: 202765 chars
[scraper] Step 4b: fetch tcaptcha-slide.js (HAR entry 6)
[scraper]   tcaptcha-slide.js fetched
[scraper]   TDC_NAME: HhXakMGlnYKgNcBiVFZCDckSRgJKTmgA
[scraper]   Source hash: 27dda893f81dbc4f
[scraper]   Template: unknown, opcodes: 103
[scraper]   eks: oXeUhLgl5v6v5r5vq3vJ...
[scraper] Step 5: solveSlider
[scraper]   rawOffset: 487
[scraper]   ans: 487,42;
[scraper] Step 6: generateCollect
[scraper]   Chrome profile: 60 cd fields (canonical 59, reordered via 60-slot cdFieldOrder)
[scraper]   collect length: 6528
[scraper] Fetching vm-slide from show page HTML: https://t.captcha.qq.com/vm-slide.e201876f.enc.js
[scraper]   Got live vm-slide (43688 chars)
[scraper] Step 7a: caplog pre-verify beacon
[scraper] Step 7: buildVDataForPost (standalone, browser profile)
[scraper]   vData: dSaPMguxRdN4iUjzW8IGu9X0i_qRFK...
[scraper] Step 8: verify
  [verify] using jQuery prebuilt body, length: 8371
  [verify] Referer: https://t.captcha.qq.com/cap_union_new_show?aid=2046626881&protocol=https&accver...
[scraper]   errorCode: 12, ticket: none
[scraper] Step 9: caplog post-verify beacon
[scraper]   Failed with errorCode 12, retrying...
[scraper] Attempt 2/3
[scraper] Step 1: prehandle
[scraper]   sess: s1Lik_sTCB_ele36MJEi...
[scraper] Step 2: getSig
[scraper]   nonce: eda1152f11f1daf0
[scraper] Step 3: downloadImages
[scraper]   bg: 13689 bytes, slice: 5803 bytes
[scraper] Step 4: downloadTdc
[scraper]   tdc source: 199611 chars
[scraper] Step 4b: fetch tcaptcha-slide.js (HAR entry 6)
[scraper]   tcaptcha-slide.js fetched
[scraper]   TDC_NAME: BGDfWkdQOJJJTnHCNCnZRJZJSeFRWONJ
[scraper]   Source hash: 3429444f324c6110
[scraper]   Template: unknown, opcodes: 91
[scraper]   eks: ftAyyWyozLZctqHvmBKh...
[scraper] Step 5: solveSlider
[scraper]   rawOffset: 497
[scraper]   ans: 497,44;
[scraper] Step 6: generateCollect
[scraper]   Chrome profile: 60 cd fields (canonical 59, reordered via 60-slot cdFieldOrder)
[scraper]   collect length: 6252
[scraper] Fetching vm-slide from show page HTML: https://t.captcha.qq.com/vm-slide.e201876f.enc.js
[scraper]   Got live vm-slide (43688 chars)
[scraper] Step 7a: caplog pre-verify beacon
[scraper] Step 7: buildVDataForPost (standalone, browser profile)
[scraper]   vData: VueBKpkQNbhk8PJ_PeBGUD-dqbjpqT...
[scraper] Step 8: verify
  [verify] using jQuery prebuilt body, length: 8031
  [verify] Referer: https://t.captcha.qq.com/cap_union_new_show?aid=2046626881&protocol=https&accver...
[scraper]   errorCode: 12, ticket: none
[scraper] Step 9: caplog post-verify beacon
[scraper]   Failed with errorCode 12, retrying...
[scraper] Attempt 3/3
[scraper] Step 1: prehandle
[scraper]   sess: s1L6rG92kT2YSztc3FjG...
[scraper] Step 2: getSig
[scraper]   nonce: eda1152f11f1daf0
[scraper] Step 3: downloadImages
[scraper]   bg: 24876 bytes, slice: 5913 bytes
[scraper] Step 4: downloadTdc
[scraper]   tdc source: 197257 chars
[scraper] Step 4b: fetch tcaptcha-slide.js (HAR entry 6)
[scraper]   tcaptcha-slide.js fetched
[scraper]   TDC_NAME: FVgbJVJYTmGMFSCMcnTkYjmSFkYnESZF
[scraper]   Source hash: daf0c711ccb82124
[scraper]   Template: B, opcodes: 94
[scraper]   eks: lQZ+A18mKOTZ/BuGeJ0J...
[scraper] Step 5: solveSlider
[scraper]   rawOffset: 456
[scraper]   ans: 456,92;
[scraper] Step 6: generateCollect
[scraper]   Chrome profile: 60 cd fields (canonical 59, reordered via 60-slot cdFieldOrder)
[scraper]   collect length: 6572
[scraper] Fetching vm-slide from show page HTML: https://t.captcha.qq.com/vm-slide.e201876f.enc.js
[scraper]   Got live vm-slide (43688 chars)
[scraper] Step 7a: caplog pre-verify beacon
[scraper] Step 7: buildVDataForPost (standalone, browser profile)
[scraper]   vData: -Iq3xF474Ut2Kc98LMr5Fxhckloj0-...
[scraper] Step 8: verify
  [verify] using jQuery prebuilt body, length: 8418
  [verify] Referer: https://t.captcha.qq.com/cap_union_new_show?aid=2046626881&protocol=https&accver...
[scraper]   errorCode: 12, ticket: none
[scraper] Step 9: caplog post-verify beacon
[scraper]   Failed with errorCode 12, retrying...
[scraper] Attempt 2 failed: CAPTCHA verify returned errorCode 12
[scraper] Attempt 3/3
[scraper] Attempt 1/3
[scraper] Step 1: prehandle
[scraper]   sess: s1Owp1B2pp8cpd3EtmZU...
[scraper] Step 2: getSig
[scraper]   nonce: eda1152f11f1daf0
[scraper] Step 3: downloadImages
[scraper]   bg: 15397 bytes, slice: 5034 bytes
[scraper] Step 4: downloadTdc
[scraper]   tdc source: 162790 chars
[scraper] Step 4b: fetch tcaptcha-slide.js (HAR entry 6)
[scraper]   tcaptcha-slide.js fetched
[scraper]   TDC_NAME: DkPDkCnAekYMgVghTDOeSKmVZbkVCQUG
[scraper]   Source hash: e2170903e201e018
[scraper]   Template: unknown, opcodes: 93
[scraper]   eks: 3Y3cVYw/HYtmTvbcJaXZ...
[scraper] Step 5: solveSlider
[scraper]   rawOffset: 468
[scraper]   ans: 468,56;
[scraper] Step 6: generateCollect
[scraper]   Chrome profile: 60 cd fields (canonical 59, reordered via 60-slot cdFieldOrder)
[scraper]   collect length: 6464
[scraper] Fetching vm-slide from show page HTML: https://t.captcha.qq.com/vm-slide.e201876f.enc.js
[scraper]   Got live vm-slide (43688 chars)
[scraper] Step 7a: caplog pre-verify beacon
[scraper] Step 7: buildVDataForPost (standalone, browser profile)
[scraper]   vData: dG20EtmVsL*KWi5f5RtaM3JJ3H_I9l...
[scraper] Step 8: verify
  [verify] using jQuery prebuilt body, length: 8291
  [verify] Referer: https://t.captcha.qq.com/cap_union_new_show?aid=2046626881&protocol=https&accver...
[scraper]   errorCode: 12, ticket: none
[scraper] Step 9: caplog post-verify beacon
[scraper]   Failed with errorCode 12, retrying...
[scraper] Attempt 2/3
[scraper] Step 1: prehandle
[scraper]   sess: s1LAxGWLJ6UZwuiP50Su...
[scraper] Step 2: getSig
[scraper]   nonce: eda1152f11f1daf0
[scraper] Step 3: downloadImages
[scraper]   bg: 27950 bytes, slice: 8610 bytes
[scraper] Step 4: downloadTdc
[scraper]   tdc source: 144440 chars
[scraper] Step 4b: fetch tcaptcha-slide.js (HAR entry 6)
[scraper]   tcaptcha-slide.js fetched
[scraper]   TDC_NAME: SlVCfKSRjkmVXRnTigehmWSaDkeUUNfk
[scraper]   Source hash: e5341ccb12b78e65
[scraper]   Template: unknown, opcodes: 96
[scraper]   eks: 0FvqiiOExNywSKTtKba5...
[scraper] Step 5: solveSlider
[scraper]   rawOffset: 388
[scraper]   ans: 388,30;
[scraper] Step 6: generateCollect
[scraper]   Chrome profile: 60 cd fields (canonical 59, reordered via 60-slot cdFieldOrder)
[scraper]   collect length: 6124
[scraper] Fetching vm-slide from show page HTML: https://t.captcha.qq.com/vm-slide.e201876f.enc.js
[scraper]   Got live vm-slide (43688 chars)
[scraper] Step 7a: caplog pre-verify beacon
[scraper] Step 7: buildVDataForPost (standalone, browser profile)
[scraper]   vData: VueBKpkQNbhk8PJ_PeBGUsDygdVqW6...
[scraper] Step 8: verify
  [verify] using jQuery prebuilt body, length: 7923
  [verify] Referer: https://t.captcha.qq.com/cap_union_new_show?aid=2046626881&protocol=https&accver...
[scraper]   errorCode: 9, ticket: none
[scraper] Step 9: caplog post-verify beacon
[scraper]   Failed with errorCode 9, retrying...
[scraper] Attempt 3/3
[scraper] Step 1: prehandle
[scraper]   sess: s1hPsdEHlkX6E7lU2ye0...
[scraper] Step 2: getSig
[scraper]   nonce: eda1152f11f1daf0
[scraper] Step 3: downloadImages
[scraper]   bg: 27915 bytes, slice: 9102 bytes
[scraper] Step 4: downloadTdc
[scraper]   tdc source: 129582 chars
[scraper] Step 4b: fetch tcaptcha-slide.js (HAR entry 6)
[scraper]   tcaptcha-slide.js fetched
[scraper]   TDC_NAME: XcabTONObCYZeEGNPRmPGBQbTmYKEAHj
[scraper]   Source hash: e6a45ba64d246f82
[scraper]   Template: unknown, opcodes: 98
[scraper]   eks: 9hIgdnTPfmSIncukHTE2...
[scraper] Step 5: solveSlider
[scraper]   rawOffset: 386
[scraper]   ans: 386,50;
[scraper] Step 6: generateCollect
[scraper]   Chrome profile: 60 cd fields (canonical 59, reordered via 60-slot cdFieldOrder)
[scraper]   collect length: 6680
[scraper] Fetching vm-slide from show page HTML: https://t.captcha.qq.com/vm-slide.e201876f.enc.js
[scraper]   Got live vm-slide (43688 chars)
[scraper] Step 7a: caplog pre-verify beacon
[scraper] Step 7: buildVDataForPost (standalone, browser profile)
[scraper]   vData: VueBKpkQNbhk8PJ_PeBGUNR4hjLVi0...
[scraper] Step 8: verify
  [verify] using jQuery prebuilt body, length: 8508
  [verify] Referer: https://t.captcha.qq.com/cap_union_new_show?aid=2046626881&protocol=https&accver...
[scraper]   errorCode: 9, ticket: none
[scraper] Step 9: caplog post-verify beacon
[scraper]   Failed with errorCode 9, retrying...
[scraper] Attempt 3 failed: CAPTCHA verify returned errorCode 9
Error: CAPTCHA solve failed after 3 attempts: CAPTCHA verify returned errorCode 9
---
=== attempt 19/30 @ 2026-04-16T13:01:33Z ===
[scraper] Template cache loaded and seeded
[scraper] Default profile loaded
[scraper] jQuery source loaded (96410 chars)
[scraper] vm-slide fallback loaded (43688 chars)
[scraper] vData profile loaded from /home/ubun/github.com/tut1vog/reverse-chaosvm/profiles/vdata-browser-default.json
[scraper] Chrome fingerprint profile loaded (59 canonical fields)
[scraper] Init complete
[scraper] Solving CAPTCHA only (no urlsec query)
[scraper] Attempt 1/3
[scraper] Attempt 1/3
[scraper] Step 1: prehandle
[scraper]   sess: s10tHjN6p7n-MEZldwM3...
[scraper] Step 2: getSig
[scraper]   nonce: eda1152f11f1daf0
[scraper] Step 3: downloadImages
[scraper]   bg: 13692 bytes, slice: 5609 bytes
[scraper] Step 4: downloadTdc
[scraper]   tdc source: 161122 chars
[scraper] Step 4b: fetch tcaptcha-slide.js (HAR entry 6)
[scraper]   tcaptcha-slide.js fetched
[scraper]   TDC_NAME: gUbSKiHCiVNcdeXaKTECbTOEkdOclkcR
[scraper]   Source hash: 02fd132edb24a8c1
[scraper]   Template: C, opcodes: 100
[scraper]   eks: zPYbKwmdt7pu4dMtYlM1...
[scraper] Step 5: solveSlider
[scraper]   rawOffset: 455
[scraper]   ans: 455,95;
[scraper] Step 6: generateCollect
[scraper]   Chrome profile: 60 cd fields (canonical 59, reordered via 60-slot cdFieldOrder)
[scraper]   collect length: 6328
[scraper] Fetching vm-slide from show page HTML: https://t.captcha.qq.com/vm-slide.e201876f.enc.js
[scraper]   Got live vm-slide (43688 chars)
[scraper] Step 7a: caplog pre-verify beacon
[scraper] Step 7: buildVDataForPost (standalone, browser profile)
[scraper]   vData: HcBQhvNn1HNw7pXO3fDWju-A11C1Jj...
[scraper] Step 8: verify
  [verify] using jQuery prebuilt body, length: 8121
  [verify] Referer: https://t.captcha.qq.com/cap_union_new_show?aid=2046626881&protocol=https&accver...
[scraper]   errorCode: 12, ticket: none
[scraper] Step 9: caplog post-verify beacon
[scraper]   Failed with errorCode 12, retrying...
[scraper] Attempt 2/3
[scraper] Step 1: prehandle
[scraper]   sess: s1zrlxKGAOsqOrK1BbNg...
[scraper] Step 2: getSig
[scraper]   nonce: eda1152f11f1daf0
[scraper] Step 3: downloadImages
[scraper]   bg: 22234 bytes, slice: 7184 bytes
[scraper] Step 4: downloadTdc
[scraper]   tdc source: 197257 chars
[scraper] Step 4b: fetch tcaptcha-slide.js (HAR entry 6)
[scraper]   tcaptcha-slide.js fetched
[scraper]   TDC_NAME: FVgbJVJYTmGMFSCMcnTkYjmSFkYnESZF
[scraper]   Source hash: daf0c711ccb82124
[scraper]   Template: B, opcodes: 94
[scraper]   eks: ebpqVHRkdrHA1KKq4vpX...
[scraper] Step 5: solveSlider
[scraper]   rawOffset: 460
[scraper]   ans: 460,58;
[scraper] Step 6: generateCollect
[scraper]   Chrome profile: 60 cd fields (canonical 59, reordered via 60-slot cdFieldOrder)
[scraper]   collect length: 6144
[scraper] Fetching vm-slide from show page HTML: https://t.captcha.qq.com/vm-slide.e201876f.enc.js
[scraper]   Got live vm-slide (43688 chars)
[scraper] Step 7a: caplog pre-verify beacon
[scraper] Step 7: buildVDataForPost (standalone, browser profile)
[scraper]   vData: 7MjK5yGovGjw1scdQ6-F-3ObUud18W...
[scraper] Step 8: verify
  [verify] using jQuery prebuilt body, length: 7939
  [verify] Referer: https://t.captcha.qq.com/cap_union_new_show?aid=2046626881&protocol=https&accver...
[scraper]   errorCode: 12, ticket: none
[scraper] Step 9: caplog post-verify beacon
[scraper]   Failed with errorCode 12, retrying...
[scraper] Attempt 3/3
[scraper] Step 1: prehandle
[scraper]   sess: s1D60NYVNe_S0zeAXLGm...
[scraper] Step 2: getSig
[scraper]   nonce: eda1152f11f1daf0
[scraper] Step 3: downloadImages
[scraper]   bg: 15315 bytes, slice: 5532 bytes
[scraper] Step 4: downloadTdc
[scraper]   tdc source: 129582 chars
[scraper] Step 4b: fetch tcaptcha-slide.js (HAR entry 6)
[scraper]   tcaptcha-slide.js fetched
[scraper]   TDC_NAME: XcabTONObCYZeEGNPRmPGBQbTmYKEAHj
[scraper]   Source hash: e6a45ba64d246f82
[scraper]   Template: unknown, opcodes: 98
[scraper]   eks: 44kGvv2FWhO5KCNG3KOQ...
[scraper] Step 5: solveSlider
[scraper]   rawOffset: 465
[scraper]   ans: 465,106;
[scraper] Step 6: generateCollect
[scraper]   Chrome profile: 60 cd fields (canonical 59, reordered via 60-slot cdFieldOrder)
[scraper]   collect length: 6412
[scraper] Fetching vm-slide from show page HTML: https://t.captcha.qq.com/vm-slide.e201876f.enc.js
[scraper]   Got live vm-slide (43688 chars)
[scraper] Step 7a: caplog pre-verify beacon
[scraper] Step 7: buildVDataForPost (standalone, browser profile)
[scraper]   vData: VueBKpkQNbhk8PJ_PeBGUD-dqbjpqT...
[scraper] Step 8: verify
  [verify] using jQuery prebuilt body, length: 8221
  [verify] Referer: https://t.captcha.qq.com/cap_union_new_show?aid=2046626881&protocol=https&accver...
[scraper]   errorCode: 12, ticket: none
[scraper] Step 9: caplog post-verify beacon
[scraper]   Failed with errorCode 12, retrying...
[scraper] Attempt 1 failed: CAPTCHA verify returned errorCode 12
[scraper] Attempt 2/3
[scraper] Attempt 1/3
[scraper] Step 1: prehandle
[scraper]   sess: s12_QL12sIbocfwfmHVs...
[scraper] Step 2: getSig
[scraper]   nonce: eda1152f11f1daf0
[scraper] Step 3: downloadImages
[scraper]   bg: 27959 bytes, slice: 8700 bytes
[scraper] Step 4: downloadTdc
[scraper]   tdc source: 162790 chars
[scraper] Step 4b: fetch tcaptcha-slide.js (HAR entry 6)
[scraper]   tcaptcha-slide.js fetched
[scraper]   TDC_NAME: DkPDkCnAekYMgVghTDOeSKmVZbkVCQUG
[scraper]   Source hash: e2170903e201e018
[scraper]   Template: unknown, opcodes: 93
[scraper]   eks: xZpvP/rqDdN//LkpzhuM...
[scraper] Step 5: solveSlider
[scraper]   rawOffset: 266
[scraper]   ans: 266,30;
[scraper] Step 6: generateCollect
[scraper]   Chrome profile: 60 cd fields (canonical 59, reordered via 60-slot cdFieldOrder)
[scraper]   collect length: 6168
[scraper] Fetching vm-slide from show page HTML: https://t.captcha.qq.com/vm-slide.e201876f.enc.js
[scraper]   Got live vm-slide (43688 chars)
[scraper] Step 7a: caplog pre-verify beacon
[scraper] Step 7: buildVDataForPost (standalone, browser profile)
[scraper]   vData: -Iq3xF474Ut2Kc98LMr5FqdST7f5l5...
[scraper] Step 8: verify
  [verify] using jQuery prebuilt body, length: 7949
  [verify] Referer: https://t.captcha.qq.com/cap_union_new_show?aid=2046626881&protocol=https&accver...
[scraper]   errorCode: 9, ticket: none
[scraper] Step 9: caplog post-verify beacon
[scraper]   Failed with errorCode 9, retrying...
[scraper] Attempt 2/3
[scraper] Step 1: prehandle
[scraper]   sess: s1X0OjCtPa3vn22UqQQw...
[scraper] Step 2: getSig
[scraper]   nonce: eda1152f11f1daf0
[scraper] Step 3: downloadImages
[scraper]   bg: 25367 bytes, slice: 5448 bytes
[scraper] Step 4: downloadTdc
[scraper]   tdc source: 161122 chars
[scraper] Step 4b: fetch tcaptcha-slide.js (HAR entry 6)
[scraper]   tcaptcha-slide.js fetched
[scraper]   TDC_NAME: gUbSKiHCiVNcdeXaKTECbTOEkdOclkcR
[scraper]   Source hash: 02fd132edb24a8c1
[scraper]   Template: C, opcodes: 100
[scraper]   eks: zsBltXkuqNqx1//gcnb1...
[scraper] Step 5: solveSlider
[scraper]   rawOffset: 463
[scraper]   ans: 463,30;
[scraper] Step 6: generateCollect
[scraper]   Chrome profile: 60 cd fields (canonical 59, reordered via 60-slot cdFieldOrder)
[scraper]   collect length: 6392
[scraper] Fetching vm-slide from show page HTML: https://t.captcha.qq.com/vm-slide.e201876f.enc.js
[scraper]   Got live vm-slide (43688 chars)
[scraper] Step 7a: caplog pre-verify beacon
[scraper] Step 7: buildVDataForPost (standalone, browser profile)
[scraper]   vData: RU_A7JQPdBER*r1DP3Gbjw1yyzQhxH...
[scraper] Step 8: verify
  [verify] using jQuery prebuilt body, length: 8193
  [verify] Referer: https://t.captcha.qq.com/cap_union_new_show?aid=2046626881&protocol=https&accver...
[scraper]   errorCode: 12, ticket: none
[scraper] Step 9: caplog post-verify beacon
[scraper]   Failed with errorCode 12, retrying...
[scraper] Attempt 3/3
[scraper] Step 1: prehandle
[scraper]   sess: s16uFLKaKSXu67LZcpxV...
[scraper] Step 2: getSig
[scraper]   nonce: eda1152f11f1daf0
[scraper] Step 3: downloadImages
[scraper]   bg: 11556 bytes, slice: 5467 bytes
[scraper] Step 4: downloadTdc
[scraper]   tdc source: 161122 chars
[scraper] Step 4b: fetch tcaptcha-slide.js (HAR entry 6)
[scraper]   tcaptcha-slide.js fetched
[scraper]   TDC_NAME: gUbSKiHCiVNcdeXaKTECbTOEkdOclkcR
[scraper]   Source hash: 02fd132edb24a8c1
[scraper]   Template: C, opcodes: 100
[scraper]   eks: u2BDrvFzgu4WxBQ0pUZV...
[scraper] Step 5: solveSlider
[scraper]   rawOffset: 502
[scraper]   ans: 502,158;
[scraper] Step 6: generateCollect
[scraper]   Chrome profile: 60 cd fields (canonical 59, reordered via 60-slot cdFieldOrder)
[scraper]   collect length: 6272
[scraper] Fetching vm-slide from show page HTML: https://t.captcha.qq.com/vm-slide.e201876f.enc.js
[scraper]   Got live vm-slide (43688 chars)
[scraper] Step 7a: caplog pre-verify beacon
[scraper] Step 7: buildVDataForPost (standalone, browser profile)
[scraper]   vData: VueBKpkQNbhk8PJ_PeBGUmxP5ONA_y...
[scraper] Step 8: verify
  [verify] using jQuery prebuilt body, length: 8053
  [verify] Referer: https://t.captcha.qq.com/cap_union_new_show?aid=2046626881&protocol=https&accver...
[scraper]   errorCode: 12, ticket: none
[scraper] Step 9: caplog post-verify beacon
[scraper]   Failed with errorCode 12, retrying...
[scraper] Attempt 2 failed: CAPTCHA verify returned errorCode 12
[scraper] Attempt 3/3
[scraper] Attempt 1/3
[scraper] Step 1: prehandle
[scraper]   sess: s1wypnNT8NtyX0NEsUlW...
[scraper] Step 2: getSig
[scraper]   nonce: eda1152f11f1daf0
[scraper] Step 3: downloadImages
[scraper]   bg: 25350 bytes, slice: 5147 bytes
[scraper] Step 4: downloadTdc
[scraper]   tdc source: 161122 chars
[scraper] Step 4b: fetch tcaptcha-slide.js (HAR entry 6)
[scraper]   tcaptcha-slide.js fetched
[scraper]   TDC_NAME: gUbSKiHCiVNcdeXaKTECbTOEkdOclkcR
[scraper]   Source hash: 02fd132edb24a8c1
[scraper]   Template: C, opcodes: 100
[scraper]   eks: opbG1/hI/OvKmQdIsMvv...
[scraper] Step 5: solveSlider
[scraper]   rawOffset: 462
[scraper]   ans: 462,53;
[scraper] Step 6: generateCollect
[scraper]   Chrome profile: 60 cd fields (canonical 59, reordered via 60-slot cdFieldOrder)
[scraper]   collect length: 6060
[scraper] Fetching vm-slide from show page HTML: https://t.captcha.qq.com/vm-slide.e201876f.enc.js
[scraper]   Got live vm-slide (43688 chars)
[scraper] Step 7a: caplog pre-verify beacon
[scraper] Step 7: buildVDataForPost (standalone, browser profile)
[scraper]   vData: dG20EtmVsLJI8_8Pdl3UeMJxgl5b0u...
[scraper] Step 8: verify
  [verify] using jQuery prebuilt body, length: 7837
  [verify] Referer: https://t.captcha.qq.com/cap_union_new_show?aid=2046626881&protocol=https&accver...
[scraper]   errorCode: 12, ticket: none
[scraper] Step 9: caplog post-verify beacon
[scraper]   Failed with errorCode 12, retrying...
[scraper] Attempt 2/3
[scraper] Step 1: prehandle
[scraper]   sess: s1CfIXdqqvGmaNnivY2H...
[scraper] Step 2: getSig
[scraper]   nonce: eda1152f11f1daf0
[scraper] Step 3: downloadImages
[scraper]   bg: 20597 bytes, slice: 6722 bytes
[scraper] Step 4: downloadTdc
[scraper]   tdc source: 144440 chars
[scraper] Step 4b: fetch tcaptcha-slide.js (HAR entry 6)
[scraper]   tcaptcha-slide.js fetched
[scraper]   TDC_NAME: SlVCfKSRjkmVXRnTigehmWSaDkeUUNfk
[scraper]   Source hash: e5341ccb12b78e65
[scraper]   Template: unknown, opcodes: 96
[scraper]   eks: okT968nX6EW2Kr3dTjCV...
[scraper] Step 5: solveSlider
[scraper]   rawOffset: 452
[scraper]   ans: 452,38;
[scraper] Step 6: generateCollect
[scraper]   Chrome profile: 60 cd fields (canonical 59, reordered via 60-slot cdFieldOrder)
[scraper]   collect length: 6444
[scraper] Fetching vm-slide from show page HTML: https://t.captcha.qq.com/vm-slide.e201876f.enc.js
[scraper]   Got live vm-slide (43688 chars)
[scraper] Step 7a: caplog pre-verify beacon
[scraper] Step 7: buildVDataForPost (standalone, browser profile)
[scraper]   vData: 3xsq09l8yrfdw3Ihy*sQT42PtIkjIc...
[scraper] Step 8: verify
  [verify] using jQuery prebuilt body, length: 8289
  [verify] Referer: https://t.captcha.qq.com/cap_union_new_show?aid=2046626881&protocol=https&accver...
[scraper]   errorCode: 12, ticket: none
[scraper] Step 9: caplog post-verify beacon
[scraper]   Failed with errorCode 12, retrying...
[scraper] Attempt 3/3
[scraper] Step 1: prehandle
[scraper]   sess: s1LOVohV2aEaNcxK0_2w...
[scraper] Step 2: getSig
[scraper]   nonce: eda1152f11f1daf0
[scraper] Step 3: downloadImages
[scraper]   bg: 20592 bytes, slice: 6321 bytes
[scraper] Step 4: downloadTdc
[scraper]   tdc source: 144440 chars
[scraper] Step 4b: fetch tcaptcha-slide.js (HAR entry 6)
[scraper]   tcaptcha-slide.js fetched
[scraper]   TDC_NAME: SlVCfKSRjkmVXRnTigehmWSaDkeUUNfk
[scraper]   Source hash: e5341ccb12b78e65
[scraper]   Template: unknown, opcodes: 96
[scraper]   eks: FA05X9Fm+FNv38DXofSu...
[scraper] Step 5: solveSlider
[scraper]   rawOffset: 491
[scraper]   ans: 491,54;
[scraper] Step 6: generateCollect
[scraper]   Chrome profile: 60 cd fields (canonical 59, reordered via 60-slot cdFieldOrder)
[scraper]   collect length: 6112
[scraper] Fetching vm-slide from show page HTML: https://t.captcha.qq.com/vm-slide.e201876f.enc.js
[scraper]   Got live vm-slide (43688 chars)
[scraper] Step 7a: caplog pre-verify beacon
[scraper] Step 7: buildVDataForPost (standalone, browser profile)
[scraper]   vData: eZRhh4slDEr7Wq7I-M6*lcUziXG4OV...
[scraper] Step 8: verify
  [verify] using jQuery prebuilt body, length: 7910
  [verify] Referer: https://t.captcha.qq.com/cap_union_new_show?aid=2046626881&protocol=https&accver...
[scraper]   errorCode: 12, ticket: none
[scraper] Step 9: caplog post-verify beacon
[scraper]   Failed with errorCode 12, retrying...
[scraper] Attempt 3 failed: CAPTCHA verify returned errorCode 12
Error: CAPTCHA solve failed after 3 attempts: CAPTCHA verify returned errorCode 12
---
=== attempt 20/30 @ 2026-04-16T13:01:45Z ===
[scraper] Template cache loaded and seeded
[scraper] Default profile loaded
[scraper] jQuery source loaded (96410 chars)
[scraper] vm-slide fallback loaded (43688 chars)
[scraper] vData profile loaded from /home/ubun/github.com/tut1vog/reverse-chaosvm/profiles/vdata-browser-default.json
[scraper] Chrome fingerprint profile loaded (59 canonical fields)
[scraper] Init complete
[scraper] Solving CAPTCHA only (no urlsec query)
[scraper] Attempt 1/3
[scraper] Attempt 1/3
[scraper] Step 1: prehandle
[scraper]   sess: s1arU-1XLAkGtXkbArnb...
[scraper] Step 2: getSig
[scraper]   nonce: eda1152f11f1daf0
[scraper] Step 3: downloadImages
[scraper]   bg: 25411 bytes, slice: 5189 bytes
[scraper] Step 4: downloadTdc
[scraper]   tdc source: 207422 chars
[scraper] Step 4b: fetch tcaptcha-slide.js (HAR entry 6)
[scraper]   tcaptcha-slide.js fetched
[scraper]   TDC_NAME: GCDJAPicKHeHfOBnnYMEdUgUkTnAhOFV
[scraper]   Source hash: 8f1d32beb4fcaa4d
[scraper]   Template: unknown, opcodes: 96
[scraper]   eks: zCM/sA+yVlS8leaEm35S...
[scraper] Step 5: solveSlider
[scraper]   rawOffset: 464
[scraper]   ans: 464,30;
[scraper] Step 6: generateCollect
[scraper]   Chrome profile: 60 cd fields (canonical 59, reordered via 60-slot cdFieldOrder)
[scraper]   collect length: 5592
[scraper] Fetching vm-slide from show page HTML: https://t.captcha.qq.com/vm-slide.e201876f.enc.js
[scraper]   Got live vm-slide (43688 chars)
[scraper] Step 7a: caplog pre-verify beacon
[scraper] Step 7: buildVDataForPost (standalone, browser profile)
[scraper]   vData: VueBKpkQNbhk8PJ_PeBGUrZa0SQPFx...
[scraper] Step 8: verify
  [verify] using jQuery prebuilt body, length: 7327
  [verify] Referer: https://t.captcha.qq.com/cap_union_new_show?aid=2046626881&protocol=https&accver...
[scraper]   errorCode: 12, ticket: none
[scraper] Step 9: caplog post-verify beacon
[scraper]   Failed with errorCode 12, retrying...
[scraper] Attempt 2/3
[scraper] Step 1: prehandle
[scraper]   sess: s1g0h1ex04IpSFwFKxsE...
[scraper] Step 2: getSig
[scraper]   nonce: eda1152f11f1daf0
[scraper] Step 3: downloadImages
[scraper]   bg: 25423 bytes, slice: 5134 bytes
[scraper] Step 4: downloadTdc
[scraper]   tdc source: 144440 chars
[scraper] Step 4b: fetch tcaptcha-slide.js (HAR entry 6)
[scraper]   tcaptcha-slide.js fetched
[scraper]   TDC_NAME: SlVCfKSRjkmVXRnTigehmWSaDkeUUNfk
[scraper]   Source hash: e5341ccb12b78e65
[scraper]   Template: unknown, opcodes: 96
[scraper]   eks: qV7fLhWWSMiJHAfhH0Bs...
[scraper] Step 5: solveSlider
[scraper]   rawOffset: 486
[scraper]   ans: 486,30;
[scraper] Step 6: generateCollect
[scraper]   Chrome profile: 60 cd fields (canonical 59, reordered via 60-slot cdFieldOrder)
[scraper]   collect length: 6496
[scraper] Fetching vm-slide from show page HTML: https://t.captcha.qq.com/vm-slide.e201876f.enc.js
[scraper]   Got live vm-slide (43688 chars)
[scraper] Step 7a: caplog pre-verify beacon
[scraper] Step 7: buildVDataForPost (standalone, browser profile)
[scraper]   vData: VueBKpkQNbhk8PJ_PeBGUrZa0SQPFx...
[scraper] Step 8: verify
  [verify] using jQuery prebuilt body, length: 8351
  [verify] Referer: https://t.captcha.qq.com/cap_union_new_show?aid=2046626881&protocol=https&accver...
[scraper]   errorCode: 12, ticket: none
[scraper] Step 9: caplog post-verify beacon
[scraper]   Failed with errorCode 12, retrying...
[scraper] Attempt 3/3
[scraper] Step 1: prehandle
[scraper]   sess: s1mwIrJB7xqpGHgLQk3n...
[scraper] Step 2: getSig
[scraper]   nonce: eda1152f11f1daf0
[scraper] Step 3: downloadImages
[scraper]   bg: 27859 bytes, slice: 9575 bytes
[scraper] Step 4: downloadTdc
[scraper]   tdc source: 202765 chars
[scraper] Step 4b: fetch tcaptcha-slide.js (HAR entry 6)
[scraper]   tcaptcha-slide.js fetched
[scraper]   TDC_NAME: HhXakMGlnYKgNcBiVFZCDckSRgJKTmgA
[scraper]   Source hash: 27dda893f81dbc4f
[scraper]   Template: unknown, opcodes: 103
[scraper]   eks: 3xfdAhsUd/ffVBzq6Rv9...
[scraper] Step 5: solveSlider
[scraper]   rawOffset: 384
[scraper]   ans: 384,30;
[scraper] Step 6: generateCollect
[scraper]   Chrome profile: 60 cd fields (canonical 59, reordered via 60-slot cdFieldOrder)
[scraper]   collect length: 6296
[scraper] Fetching vm-slide from show page HTML: https://t.captcha.qq.com/vm-slide.e201876f.enc.js
[scraper]   Got live vm-slide (43688 chars)
[scraper] Step 7a: caplog pre-verify beacon
[scraper] Step 7: buildVDataForPost (standalone, browser profile)
[scraper]   vData: RU_A7JQPdBER*r1DP3GbjtsvC82O8W...
[scraper] Step 8: verify
  [verify] using jQuery prebuilt body, length: 8062
  [verify] Referer: https://t.captcha.qq.com/cap_union_new_show?aid=2046626881&protocol=https&accver...
[scraper]   errorCode: 9, ticket: none
[scraper] Step 9: caplog post-verify beacon
[scraper]   Failed with errorCode 9, retrying...
[scraper] Attempt 1 failed: CAPTCHA verify returned errorCode 9
[scraper] Attempt 2/3
[scraper] Attempt 1/3
[scraper] Step 1: prehandle
[scraper]   sess: s1xO0yh4GLCPsPc2Wo5n...
[scraper] Step 2: getSig
[scraper]   nonce: eda1152f11f1daf0
[scraper] Step 3: downloadImages
[scraper]   bg: 18037 bytes, slice: 5229 bytes
[scraper] Step 4: downloadTdc
[scraper]   tdc source: 162790 chars
[scraper] Step 4b: fetch tcaptcha-slide.js (HAR entry 6)
[scraper]   tcaptcha-slide.js fetched
[scraper]   TDC_NAME: DkPDkCnAekYMgVghTDOeSKmVZbkVCQUG
[scraper]   Source hash: e2170903e201e018
[scraper]   Template: unknown, opcodes: 93
[scraper]   eks: 87Hrxh/fU1+eh1ZXdJBX...
[scraper] Step 5: solveSlider
[scraper]   rawOffset: 473
[scraper]   ans: 473,97;
[scraper] Step 6: generateCollect
[scraper]   Chrome profile: 60 cd fields (canonical 59, reordered via 60-slot cdFieldOrder)
[scraper]   collect length: 6360
[scraper] Fetching vm-slide from show page HTML: https://t.captcha.qq.com/vm-slide.e201876f.enc.js
[scraper]   Got live vm-slide (43688 chars)
[scraper] Step 7a: caplog pre-verify beacon
[scraper] Step 7: buildVDataForPost (standalone, browser profile)
[scraper]   vData: 3xsq09l8yrfdw3Ihy*sQTUxZ-PEE9d...
[scraper] Step 8: verify
  [verify] using jQuery prebuilt body, length: 8131
  [verify] Referer: https://t.captcha.qq.com/cap_union_new_show?aid=2046626881&protocol=https&accver...
[scraper]   errorCode: 12, ticket: none
[scraper] Step 9: caplog post-verify beacon
[scraper]   Failed with errorCode 12, retrying...
[scraper] Attempt 2/3
[scraper] Step 1: prehandle
[scraper]   sess: s1kQaFj9UEgIc9Z9wKbI...
[scraper] Step 2: getSig
[scraper]   nonce: eda1152f11f1daf0
[scraper] Step 3: downloadImages
[scraper]   bg: 24717 bytes, slice: 6740 bytes
[scraper] Step 4: downloadTdc
[scraper]   tdc source: 144440 chars
[scraper] Step 4b: fetch tcaptcha-slide.js (HAR entry 6)
[scraper]   tcaptcha-slide.js fetched
[scraper]   TDC_NAME: SlVCfKSRjkmVXRnTigehmWSaDkeUUNfk
[scraper]   Source hash: e5341ccb12b78e65
[scraper]   Template: unknown, opcodes: 96
[scraper]   eks: D9qS7vRHj69eA86e2Bn8...
[scraper] Step 5: solveSlider
[scraper]   rawOffset: 534
[scraper]   ans: 534,30;
[scraper] Step 6: generateCollect
[scraper]   Chrome profile: 60 cd fields (canonical 59, reordered via 60-slot cdFieldOrder)
[scraper]   collect length: 6680
[scraper] Fetching vm-slide from show page HTML: https://t.captcha.qq.com/vm-slide.e201876f.enc.js
[scraper]   Got live vm-slide (43688 chars)
[scraper] Step 7a: caplog pre-verify beacon
[scraper] Step 7: buildVDataForPost (standalone, browser profile)
[scraper]   vData: 3xsq09l8yrfdw3Ihy*sQT42PtIkjIc...
[scraper] Step 8: verify
  [verify] using jQuery prebuilt body, length: 8547
  [verify] Referer: https://t.captcha.qq.com/cap_union_new_show?aid=2046626881&protocol=https&accver...
[scraper]   errorCode: 12, ticket: none
[scraper] Step 9: caplog post-verify beacon
[scraper]   Failed with errorCode 12, retrying...
[scraper] Attempt 3/3
[scraper] Step 1: prehandle
[scraper]   sess: s11GLCjLQQy61on8S8Al...
[scraper] Step 2: getSig
[scraper]   nonce: eda1152f11f1daf0
[scraper] Step 3: downloadImages
[scraper]   bg: 15421 bytes, slice: 4602 bytes
[scraper] Step 4: downloadTdc
[scraper]   tdc source: 129582 chars
[scraper] Step 4b: fetch tcaptcha-slide.js (HAR entry 6)
[scraper]   tcaptcha-slide.js fetched
[scraper]   TDC_NAME: XcabTONObCYZeEGNPRmPGBQbTmYKEAHj
[scraper]   Source hash: e6a45ba64d246f82
[scraper]   Template: unknown, opcodes: 98
[scraper]   eks: ipPLCRhJjKb2QnvqssBG...
[scraper] Step 5: solveSlider
[scraper]   rawOffset: 473
[scraper]   ans: 473,40;
[scraper] Step 6: generateCollect
[scraper]   Chrome profile: 60 cd fields (canonical 59, reordered via 60-slot cdFieldOrder)
[scraper]   collect length: 6252
[scraper] Fetching vm-slide from show page HTML: https://t.captcha.qq.com/vm-slide.e201876f.enc.js
[scraper]   Got live vm-slide (43688 chars)
[scraper] Step 7a: caplog pre-verify beacon
[scraper] Step 7: buildVDataForPost (standalone, browser profile)
[scraper]   vData: VueBKpkQNbhk8PJ_PeBGUrZa0SQPFx...
[scraper] Step 8: verify
  [verify] using jQuery prebuilt body, length: 8070
  [verify] Referer: https://t.captcha.qq.com/cap_union_new_show?aid=2046626881&protocol=https&accver...
[scraper]   errorCode: 12, ticket: none
[scraper] Step 9: caplog post-verify beacon
[scraper]   Failed with errorCode 12, retrying...
[scraper] Attempt 2 failed: CAPTCHA verify returned errorCode 12
[scraper] Attempt 3/3
[scraper] Attempt 1/3
[scraper] Step 1: prehandle
[scraper]   sess: s1mqWR7CkL6Ai9-EqaXf...
[scraper] Step 2: getSig
[scraper]   nonce: eda1152f11f1daf0
[scraper] Step 3: downloadImages
[scraper]   bg: 25381 bytes, slice: 5270 bytes
[scraper] Step 4: downloadTdc
[scraper]   tdc source: 197257 chars
[scraper] Step 4b: fetch tcaptcha-slide.js (HAR entry 6)
[scraper]   tcaptcha-slide.js fetched
[scraper]   TDC_NAME: FVgbJVJYTmGMFSCMcnTkYjmSFkYnESZF
[scraper]   Source hash: daf0c711ccb82124
[scraper]   Template: B, opcodes: 94
[scraper]   eks: SWy6Fj2okAF1srU2xwA7...
[scraper] Step 5: solveSlider
[scraper]   rawOffset: 468
[scraper]   ans: 468,85;
[scraper] Step 6: generateCollect
[scraper]   Chrome profile: 60 cd fields (canonical 59, reordered via 60-slot cdFieldOrder)
[scraper]   collect length: 6136
[scraper] Fetching vm-slide from show page HTML: https://t.captcha.qq.com/vm-slide.e201876f.enc.js
[scraper]   Got live vm-slide (43688 chars)
[scraper] Step 7a: caplog pre-verify beacon
[scraper] Step 7: buildVDataForPost (standalone, browser profile)
[scraper]   vData: k67ahCG4HqORzoW7y*GM_XagxdCtFy...
[scraper] Step 8: verify
  [verify] using jQuery prebuilt body, length: 7929
  [verify] Referer: https://t.captcha.qq.com/cap_union_new_show?aid=2046626881&protocol=https&accver...
[scraper]   errorCode: 12, ticket: none
[scraper] Step 9: caplog post-verify beacon
[scraper]   Failed with errorCode 12, retrying...
[scraper] Attempt 2/3
[scraper] Step 1: prehandle
[scraper]   sess: s1cprWYrUygRiaFAviaK...
[scraper] Step 2: getSig
[scraper]   nonce: eda1152f11f1daf0
[scraper] Step 3: downloadImages
[scraper]   bg: 11524 bytes, slice: 5732 bytes
[scraper] Step 4: downloadTdc
[scraper]   tdc source: 144440 chars
[scraper] Step 4b: fetch tcaptcha-slide.js (HAR entry 6)
[scraper]   tcaptcha-slide.js fetched
[scraper]   TDC_NAME: SlVCfKSRjkmVXRnTigehmWSaDkeUUNfk
[scraper]   Source hash: e5341ccb12b78e65
[scraper]   Template: unknown, opcodes: 96
[scraper]   eks: xVl98YT+KJf3YLWCkPPY...
[scraper] Step 5: solveSlider
[scraper]   rawOffset: 451
[scraper]   ans: 451,30;
[scraper] Step 6: generateCollect
[scraper]   Chrome profile: 60 cd fields (canonical 59, reordered via 60-slot cdFieldOrder)
[scraper]   collect length: 6112
[scraper] Fetching vm-slide from show page HTML: https://t.captcha.qq.com/vm-slide.e201876f.enc.js
[scraper]   Got live vm-slide (43688 chars)
[scraper] Step 7a: caplog pre-verify beacon
[scraper] Step 7: buildVDataForPost (standalone, browser profile)
[scraper]   vData: aUV_xBFckJ32tI87aQr9LPONgHCku0...
[scraper] Step 8: verify
  [verify] using jQuery prebuilt body, length: 7923
  [verify] Referer: https://t.captcha.qq.com/cap_union_new_show?aid=2046626881&protocol=https&accver...
[scraper]   errorCode: 12, ticket: none
[scraper] Step 9: caplog post-verify beacon
[scraper]   Failed with errorCode 12, retrying...
[scraper] Attempt 3/3
[scraper] Step 1: prehandle
[scraper]   sess: s1aiFgYDDpVMe1RDqASD...
[scraper] Step 2: getSig
[scraper]   nonce: eda1152f11f1daf0
[scraper] Step 3: downloadImages
[scraper]   bg: 12393 bytes, slice: 4102 bytes
[scraper] Step 4: downloadTdc
[scraper]   tdc source: 197257 chars
[scraper] Step 4b: fetch tcaptcha-slide.js (HAR entry 6)
[scraper]   tcaptcha-slide.js fetched
[scraper]   TDC_NAME: FVgbJVJYTmGMFSCMcnTkYjmSFkYnESZF
[scraper]   Source hash: daf0c711ccb82124
[scraper]   Template: B, opcodes: 94
[scraper]   eks: NuqQ2Vrcm76/zWfHZC8k...
[scraper] Step 5: solveSlider
[scraper]   rawOffset: 474
[scraper]   ans: 474,30;
[scraper] Step 6: generateCollect
[scraper]   Chrome profile: 60 cd fields (canonical 59, reordered via 60-slot cdFieldOrder)
[scraper]   collect length: 6136
[scraper] Fetching vm-slide from show page HTML: https://t.captcha.qq.com/vm-slide.e201876f.enc.js
[scraper]   Got live vm-slide (43688 chars)
[scraper] Step 7a: caplog pre-verify beacon
[scraper] Step 7: buildVDataForPost (standalone, browser profile)
[scraper]   vData: -pECQkaPlHk*QurSS5cqM3rq9p0c7s...
[scraper] Step 8: verify
  [verify] using jQuery prebuilt body, length: 7955
  [verify] Referer: https://t.captcha.qq.com/cap_union_new_show?aid=2046626881&protocol=https&accver...
[scraper]   errorCode: 12, ticket: none
[scraper] Step 9: caplog post-verify beacon
[scraper]   Failed with errorCode 12, retrying...
[scraper] Attempt 3 failed: CAPTCHA verify returned errorCode 12
Error: CAPTCHA solve failed after 3 attempts: CAPTCHA verify returned errorCode 12
---
=== attempt 21/30 @ 2026-04-16T13:01:55Z ===
[scraper] Template cache loaded and seeded
[scraper] Default profile loaded
[scraper] jQuery source loaded (96410 chars)
[scraper] vm-slide fallback loaded (43688 chars)
[scraper] vData profile loaded from /home/ubun/github.com/tut1vog/reverse-chaosvm/profiles/vdata-browser-default.json
[scraper] Chrome fingerprint profile loaded (59 canonical fields)
[scraper] Init complete
[scraper] Solving CAPTCHA only (no urlsec query)
[scraper] Attempt 1/3
[scraper] Attempt 1/3
[scraper] Step 1: prehandle
[scraper]   sess: s1a3_Tb7zmgSBsrJmjig...
[scraper] Step 2: getSig
[scraper]   nonce: eda1152f11f1daf0
[scraper] Step 3: downloadImages
[scraper]   bg: 11495 bytes, slice: 6496 bytes
[scraper] Step 4: downloadTdc
[scraper]   tdc source: 202765 chars
[scraper] Step 4b: fetch tcaptcha-slide.js (HAR entry 6)
[scraper]   tcaptcha-slide.js fetched
[scraper]   TDC_NAME: HhXakMGlnYKgNcBiVFZCDckSRgJKTmgA
[scraper]   Source hash: 27dda893f81dbc4f
[scraper]   Template: unknown, opcodes: 103
[scraper]   eks: 83jbHxuNXaf5KX5LbtVO...
[scraper] Step 5: solveSlider
[scraper]   rawOffset: 460
[scraper]   ans: 460,30;
[scraper] Step 6: generateCollect
[scraper]   Chrome profile: 60 cd fields (canonical 59, reordered via 60-slot cdFieldOrder)
[scraper]   collect length: 6188
[scraper] Fetching vm-slide from show page HTML: https://t.captcha.qq.com/vm-slide.e201876f.enc.js
[scraper]   Got live vm-slide (43688 chars)
[scraper] Step 7a: caplog pre-verify beacon
[scraper] Step 7: buildVDataForPost (standalone, browser profile)
[scraper]   vData: IBRwaATB1kT1763_XNfB_BnkWAbbvw...
[scraper] Step 8: verify
  [verify] using jQuery prebuilt body, length: 7993
  [verify] Referer: https://t.captcha.qq.com/cap_union_new_show?aid=2046626881&protocol=https&accver...
[scraper]   errorCode: 12, ticket: none
[scraper] Step 9: caplog post-verify beacon
[scraper]   Failed with errorCode 12, retrying...
[scraper] Attempt 2/3
[scraper] Step 1: prehandle
[scraper]   sess: s1r22YLT7prEBShOsgeP...
[scraper] Step 2: getSig
[scraper]   nonce: eda1152f11f1daf0
[scraper] Step 3: downloadImages
[scraper]   bg: 24738 bytes, slice: 6423 bytes
[scraper] Step 4: downloadTdc
[scraper]   tdc source: 197545 chars
[scraper] Step 4b: fetch tcaptcha-slide.js (HAR entry 6)
[scraper]   tcaptcha-slide.js fetched
[scraper]   TDC_NAME: dNiffQDBnfBhFYVHJUXMVbRchmDEmPaH
[scraper]   Source hash: f53142c54fc43699
[scraper]   Source hash not in cache — attempting auto-port via pipeline...
[scraper] Auto-porting unknown template: f53142c54fc43699
[scraper] Auto-port failed for f53142c54fc43699: Command failed: /home/ubun/.nvm/versions/node/v22.17.0/bin/node /home/ubun/github.com/tut1vog/reverse-chaosvm/tools/porting-pipeline/run.js /tmp/tdc-autoport-f53142c54fc43699.js --skip-verify

[scraper]   Error: Unknown template (hash=f53142c54fc43699), auto-port failed
[scraper] Attempt 3/3
[scraper] Step 1: prehandle
[scraper]   sess: s1qHbPoD-HO6FC7zJc_E...
[scraper] Step 2: getSig
[scraper]   nonce: eda1152f11f1daf0
[scraper] Step 3: downloadImages
[scraper]   bg: 18141 bytes, slice: 5981 bytes
[scraper] Step 4: downloadTdc
[scraper]   tdc source: 197257 chars
[scraper] Step 4b: fetch tcaptcha-slide.js (HAR entry 6)
[scraper]   tcaptcha-slide.js fetched
[scraper]   TDC_NAME: FVgbJVJYTmGMFSCMcnTkYjmSFkYnESZF
[scraper]   Source hash: daf0c711ccb82124
[scraper]   Template: B, opcodes: 94
[scraper]   eks: atevChLe/iiQknACGygS...
[scraper] Step 5: solveSlider
[scraper]   rawOffset: 459
[scraper]   ans: 459,30;
[scraper] Step 6: generateCollect
[scraper]   Chrome profile: 60 cd fields (canonical 59, reordered via 60-slot cdFieldOrder)
[scraper]   collect length: 6220
[scraper] Fetching vm-slide from show page HTML: https://t.captcha.qq.com/vm-slide.e201876f.enc.js
[scraper]   Got live vm-slide (43688 chars)
[scraper] Step 7a: caplog pre-verify beacon
[scraper] Step 7: buildVDataForPost (standalone, browser profile)
[scraper]   vData: o0cBBvo6XHuuBrpqpQJrbBm3tvpKb8...
[scraper] Step 8: verify
  [verify] using jQuery prebuilt body, length: 8080
  [verify] Referer: https://t.captcha.qq.com/cap_union_new_show?aid=2046626881&protocol=https&accver...
[scraper]   errorCode: 12, ticket: none
[scraper] Step 9: caplog post-verify beacon
[scraper]   Failed with errorCode 12, retrying...
[scraper] Attempt 1 failed: CAPTCHA verify returned errorCode 12
[scraper] Attempt 2/3
[scraper] Attempt 1/3
[scraper] Step 1: prehandle
[scraper]   sess: s1REJBSyg3YMjSPGtWbf...
[scraper] Step 2: getSig
[scraper]   nonce: eda1152f11f1daf0
[scraper] Step 3: downloadImages
[scraper]   bg: 20508 bytes, slice: 7608 bytes
[scraper] Step 4: downloadTdc
[scraper]   tdc source: 162790 chars
[scraper] Step 4b: fetch tcaptcha-slide.js (HAR entry 6)
[scraper]   tcaptcha-slide.js fetched
[scraper]   TDC_NAME: DkPDkCnAekYMgVghTDOeSKmVZbkVCQUG
[scraper]   Source hash: e2170903e201e018
[scraper]   Template: unknown, opcodes: 93
[scraper]   eks: nyxtr65BQr1fdt5SDei6...
[scraper] Step 5: solveSlider
[scraper]   rawOffset: 481
[scraper]   ans: 481,32;
[scraper] Step 6: generateCollect
[scraper]   Chrome profile: 60 cd fields (canonical 59, reordered via 60-slot cdFieldOrder)
[scraper]   collect length: 6156
[scraper] Fetching vm-slide from show page HTML: https://t.captcha.qq.com/vm-slide.e201876f.enc.js
[scraper]   Got live vm-slide (43688 chars)
[scraper] Step 7a: caplog pre-verify beacon
[scraper] Step 7: buildVDataForPost (standalone, browser profile)
[scraper]   vData: XvOFebMiaDBU2ciBTDCq9KtlwNEK5p...
[scraper] Step 8: verify
  [verify] using jQuery prebuilt body, length: 7931
  [verify] Referer: https://t.captcha.qq.com/cap_union_new_show?aid=2046626881&protocol=https&accver...
[scraper]   errorCode: 12, ticket: none
[scraper] Step 9: caplog post-verify beacon
[scraper]   Failed with errorCode 12, retrying...
[scraper] Attempt 2/3
[scraper] Step 1: prehandle
[scraper]   sess: s15zt8B-vL8QuNgnm921...
[scraper] Step 2: getSig
[scraper]   nonce: eda1152f11f1daf0
[scraper] Step 3: downloadImages
[scraper]   bg: 11548 bytes, slice: 5889 bytes
[scraper] Step 4: downloadTdc
[scraper]   tdc source: 162790 chars
[scraper] Step 4b: fetch tcaptcha-slide.js (HAR entry 6)
[scraper]   tcaptcha-slide.js fetched
[scraper]   TDC_NAME: DkPDkCnAekYMgVghTDOeSKmVZbkVCQUG
[scraper]   Source hash: e2170903e201e018
[scraper]   Template: unknown, opcodes: 93
[scraper]   eks: UwAgED64kFLjJdl7jI9z...
[scraper] Step 5: solveSlider
[scraper]   rawOffset: 483
[scraper]   ans: 483,56;
[scraper] Step 6: generateCollect
[scraper]   Chrome profile: 60 cd fields (canonical 59, reordered via 60-slot cdFieldOrder)
[scraper]   collect length: 6176
[scraper] Fetching vm-slide from show page HTML: https://t.captcha.qq.com/vm-slide.e201876f.enc.js
[scraper]   Got live vm-slide (43688 chars)
[scraper] Step 7a: caplog pre-verify beacon
[scraper] Step 7: buildVDataForPost (standalone, browser profile)
[scraper]   vData: 9yIv1GMZ-ooXnvFO4d*17WqWFMjdmd...
[scraper] Step 8: verify
  [verify] using jQuery prebuilt body, length: 7907
  [verify] Referer: https://t.captcha.qq.com/cap_union_new_show?aid=2046626881&protocol=https&accver...
[scraper]   errorCode: 12, ticket: none
[scraper] Step 9: caplog post-verify beacon
[scraper]   Failed with errorCode 12, retrying...
[scraper] Attempt 3/3
[scraper] Step 1: prehandle
[scraper]   sess: s1s5fmAsb6kwbL6i6xeZ...
[scraper] Step 2: getSig
[scraper]   nonce: eda1152f11f1daf0
[scraper] Step 3: downloadImages
[scraper]   bg: 11556 bytes, slice: 5554 bytes
[scraper] Step 4: downloadTdc
[scraper]   tdc source: 202765 chars
[scraper] Step 4b: fetch tcaptcha-slide.js (HAR entry 6)
[scraper]   tcaptcha-slide.js fetched
[scraper]   TDC_NAME: HhXakMGlnYKgNcBiVFZCDckSRgJKTmgA
[scraper]   Source hash: 27dda893f81dbc4f
[scraper]   Template: unknown, opcodes: 103
[scraper]   eks: /HFfMxiSISXdnXiH+fbs...
[scraper] Step 5: solveSlider
[scraper]   rawOffset: 517
[scraper]   ans: 517,158;
[scraper] Step 6: generateCollect
[scraper]   Chrome profile: 60 cd fields (canonical 59, reordered via 60-slot cdFieldOrder)
[scraper]   collect length: 6188
[scraper] Fetching vm-slide from show page HTML: https://t.captcha.qq.com/vm-slide.e201876f.enc.js
[scraper]   Got live vm-slide (43688 chars)
[scraper] Step 7a: caplog pre-verify beacon
[scraper] Step 7: buildVDataForPost (standalone, browser profile)
[scraper]   vData: o0cBBvo6XHuuBrpqpQJrbBm3tvpKb8...
[scraper] Step 8: verify
  [verify] using jQuery prebuilt body, length: 8051
  [verify] Referer: https://t.captcha.qq.com/cap_union_new_show?aid=2046626881&protocol=https&accver...
[scraper]   errorCode: 12, ticket: none
[scraper] Step 9: caplog post-verify beacon
[scraper]   Failed with errorCode 12, retrying...
[scraper] Attempt 2 failed: CAPTCHA verify returned errorCode 12
[scraper] Attempt 3/3
[scraper] Attempt 1/3
[scraper] Step 1: prehandle
[scraper]   sess: s1CCpiZoA5bJBIR4youT...
[scraper] Step 2: getSig
[scraper]   nonce: eda1152f11f1daf0
[scraper] Step 3: downloadImages
[scraper]   bg: 11504 bytes, slice: 5724 bytes
[scraper] Step 4: downloadTdc
[scraper]   tdc source: 144440 chars
[scraper] Step 4b: fetch tcaptcha-slide.js (HAR entry 6)
[scraper]   tcaptcha-slide.js fetched
[scraper]   TDC_NAME: SlVCfKSRjkmVXRnTigehmWSaDkeUUNfk
[scraper]   Source hash: e5341ccb12b78e65
[scraper]   Template: unknown, opcodes: 96
[scraper]   eks: ECESivBpeIljc3zZbzEq...
[scraper] Step 5: solveSlider
[scraper]   rawOffset: 457
[scraper]   ans: 457,30;
[scraper] Step 6: generateCollect
[scraper]   Chrome profile: 60 cd fields (canonical 59, reordered via 60-slot cdFieldOrder)
[scraper]   collect length: 6124
[scraper] Fetching vm-slide from show page HTML: https://t.captcha.qq.com/vm-slide.e201876f.enc.js
[scraper]   Got live vm-slide (43688 chars)
[scraper] Step 7a: caplog pre-verify beacon
[scraper] Step 7: buildVDataForPost (standalone, browser profile)
[scraper]   vData: XvOFebMiaDBU2ciBTDCq9XCnQgZsLT...
[scraper] Step 8: verify
  [verify] using jQuery prebuilt body, length: 7974
  [verify] Referer: https://t.captcha.qq.com/cap_union_new_show?aid=2046626881&protocol=https&accver...
[scraper]   errorCode: 12, ticket: none
[scraper] Step 9: caplog post-verify beacon
[scraper]   Failed with errorCode 12, retrying...
[scraper] Attempt 2/3
[scraper] Step 1: prehandle
[scraper]   sess: s1BKEdwr3jTK3hHaIP1i...
[scraper] Step 2: getSig
[scraper]   nonce: eda1152f11f1daf0
[scraper] Step 3: downloadImages
[scraper]   bg: 24984 bytes, slice: 5398 bytes
[scraper] Step 4: downloadTdc
[scraper]   tdc source: 161122 chars
[scraper] Step 4b: fetch tcaptcha-slide.js (HAR entry 6)
[scraper]   tcaptcha-slide.js fetched
[scraper]   TDC_NAME: gUbSKiHCiVNcdeXaKTECbTOEkdOclkcR
[scraper]   Source hash: 02fd132edb24a8c1
[scraper]   Template: C, opcodes: 100
[scraper]   eks: by8PbokeHiRwK45LAW1i...
[scraper] Step 5: solveSlider
[scraper]   rawOffset: 455
[scraper]   ans: 455,46;
[scraper] Step 6: generateCollect
[scraper]   Chrome profile: 60 cd fields (canonical 59, reordered via 60-slot cdFieldOrder)
[scraper]   collect length: 6552
[scraper] Fetching vm-slide from show page HTML: https://t.captcha.qq.com/vm-slide.e201876f.enc.js
[scraper]   Got live vm-slide (43688 chars)
[scraper] Step 7a: caplog pre-verify beacon
[scraper] Step 7: buildVDataForPost (standalone, browser profile)
[scraper]   vData: VueBKpkQNbhk8PJ_PeBGUrZa0SQPFx...
[scraper] Step 8: verify
  [verify] using jQuery prebuilt body, length: 8371
  [verify] Referer: https://t.captcha.qq.com/cap_union_new_show?aid=2046626881&protocol=https&accver...
[scraper]   errorCode: 12, ticket: none
[scraper] Step 9: caplog post-verify beacon
[scraper]   Failed with errorCode 12, retrying...
[scraper] Attempt 3/3
[scraper] Step 1: prehandle
[scraper]   sess: s1lHTkq-IWsDkAEQmysV...
[scraper] Step 2: getSig
[scraper]   nonce: eda1152f11f1daf0
[scraper] Step 3: downloadImages
[scraper]   bg: 15321 bytes, slice: 6150 bytes
[scraper] Step 4: downloadTdc
[scraper]   tdc source: 161122 chars
[scraper] Step 4b: fetch tcaptcha-slide.js (HAR entry 6)
[scraper]   tcaptcha-slide.js fetched
[scraper]   TDC_NAME: gUbSKiHCiVNcdeXaKTECbTOEkdOclkcR
[scraper]   Source hash: 02fd132edb24a8c1
[scraper]   Template: C, opcodes: 100
[scraper]   eks: P4n1l/YrvKYsxFzYuVaa...
[scraper] Step 5: solveSlider
[scraper]   rawOffset: 469
[scraper]   ans: 469,122;
[scraper] Step 6: generateCollect
[scraper]   Chrome profile: 60 cd fields (canonical 59, reordered via 60-slot cdFieldOrder)
[scraper]   collect length: 6072
[scraper] Fetching vm-slide from show page HTML: https://t.captcha.qq.com/vm-slide.e201876f.enc.js
[scraper]   Got live vm-slide (43688 chars)
[scraper] Step 7a: caplog pre-verify beacon
[scraper] Step 7: buildVDataForPost (standalone, browser profile)
[scraper]   vData: Oc-6avXgT1Vc6n0*UXV_e5rq9p0c7s...
[scraper] Step 8: verify
  [verify] using jQuery prebuilt body, length: 7859
  [verify] Referer: https://t.captcha.qq.com/cap_union_new_show?aid=2046626881&protocol=https&accver...
[scraper]   errorCode: 12, ticket: none
[scraper] Step 9: caplog post-verify beacon
[scraper]   Failed with errorCode 12, retrying...
[scraper] Attempt 3 failed: CAPTCHA verify returned errorCode 12
Error: CAPTCHA solve failed after 3 attempts: CAPTCHA verify returned errorCode 12
---
=== attempt 22/30 @ 2026-04-16T13:02:06Z ===
[scraper] Template cache loaded and seeded
[scraper] Default profile loaded
[scraper] jQuery source loaded (96410 chars)
[scraper] vm-slide fallback loaded (43688 chars)
[scraper] vData profile loaded from /home/ubun/github.com/tut1vog/reverse-chaosvm/profiles/vdata-browser-default.json
[scraper] Chrome fingerprint profile loaded (59 canonical fields)
[scraper] Init complete
[scraper] Solving CAPTCHA only (no urlsec query)
[scraper] Attempt 1/3
[scraper] Attempt 1/3
[scraper] Step 1: prehandle
[scraper]   sess: s1GdzpYCWLRSccc3y0yT...
[scraper] Step 2: getSig
[scraper]   nonce: eda1152f11f1daf0
[scraper] Step 3: downloadImages
[scraper]   bg: 22328 bytes, slice: 6597 bytes
[scraper] Step 4: downloadTdc
[scraper]   tdc source: 202765 chars
[scraper] Step 4b: fetch tcaptcha-slide.js (HAR entry 6)
[scraper]   tcaptcha-slide.js fetched
[scraper]   TDC_NAME: HhXakMGlnYKgNcBiVFZCDckSRgJKTmgA
[scraper]   Source hash: 27dda893f81dbc4f
[scraper]   Template: unknown, opcodes: 103
[scraper]   eks: z8zZg6pYUACksqpP3fo7...
[scraper] Step 5: solveSlider
[scraper]   rawOffset: 453
[scraper]   ans: 453,40;
[scraper] Step 6: generateCollect
[scraper]   Chrome profile: 60 cd fields (canonical 59, reordered via 60-slot cdFieldOrder)
[scraper]   collect length: 6464
[scraper] Fetching vm-slide from show page HTML: https://t.captcha.qq.com/vm-slide.e201876f.enc.js
[scraper]   Got live vm-slide (43688 chars)
[scraper] Step 7a: caplog pre-verify beacon
[scraper] Step 7: buildVDataForPost (standalone, browser profile)
[scraper]   vData: VueBKpkQNbhk8PJ_PeBGU6NmzxyIi8...
[scraper] Step 8: verify
  [verify] using jQuery prebuilt body, length: 8279
  [verify] Referer: https://t.captcha.qq.com/cap_union_new_show?aid=2046626881&protocol=https&accver...
[scraper]   errorCode: 12, ticket: none
[scraper] Step 9: caplog post-verify beacon
[scraper]   Failed with errorCode 12, retrying...
[scraper] Attempt 2/3
[scraper] Step 1: prehandle
[scraper]   sess: s1CNTIWyN_6G0AgDm2N2...
[scraper] Step 2: getSig
[scraper]   nonce: eda1152f11f1daf0
[scraper] Step 3: downloadImages
[scraper]   bg: 15404 bytes, slice: 5082 bytes
[scraper] Step 4: downloadTdc
[scraper]   tdc source: 144440 chars
[scraper] Step 4b: fetch tcaptcha-slide.js (HAR entry 6)
[scraper]   tcaptcha-slide.js fetched
[scraper]   TDC_NAME: SlVCfKSRjkmVXRnTigehmWSaDkeUUNfk
[scraper]   Source hash: e5341ccb12b78e65
[scraper]   Template: unknown, opcodes: 96
[scraper]   eks: qMBIapUEo5rKQorLy9j2...
[scraper] Step 5: solveSlider
[scraper]   rawOffset: 465
[scraper]   ans: 465,73;
[scraper] Step 6: generateCollect
[scraper]   Chrome profile: 60 cd fields (canonical 59, reordered via 60-slot cdFieldOrder)
[scraper]   collect length: 6656
[scraper] Fetching vm-slide from show page HTML: https://t.captcha.qq.com/vm-slide.e201876f.enc.js
[scraper]   Got live vm-slide (43688 chars)
[scraper] Step 7a: caplog pre-verify beacon
[scraper] Step 7: buildVDataForPost (standalone, browser profile)
[scraper]   vData: o0cBBvo6XHuuBrpqpQJrbBm3tvpKb8...
[scraper] Step 8: verify
  [verify] using jQuery prebuilt body, length: 8505
  [verify] Referer: https://t.captcha.qq.com/cap_union_new_show?aid=2046626881&protocol=https&accver...
[scraper]   errorCode: 12, ticket: none
[scraper] Step 9: caplog post-verify beacon
[scraper]   Failed with errorCode 12, retrying...
[scraper] Attempt 3/3
[scraper] Step 1: prehandle
[scraper]   sess: s1DVEMns2mHge4usZPpt...
[scraper] Step 2: getSig
[scraper]   nonce: eda1152f11f1daf0
[scraper] Step 3: downloadImages
[scraper]   bg: 11495 bytes, slice: 6052 bytes
[scraper] Step 4: downloadTdc
[scraper]   tdc source: 202765 chars
[scraper] Step 4b: fetch tcaptcha-slide.js (HAR entry 6)
[scraper]   tcaptcha-slide.js fetched
[scraper]   TDC_NAME: HhXakMGlnYKgNcBiVFZCDckSRgJKTmgA
[scraper]   Source hash: 27dda893f81dbc4f
[scraper]   Template: unknown, opcodes: 103
[scraper]   eks: 9+LwmzE0YmxEgkmCaoYa...
[scraper] Step 5: solveSlider
[scraper]   rawOffset: 456
[scraper]   ans: 456,30;
[scraper] Step 6: generateCollect
[scraper]   Chrome profile: 60 cd fields (canonical 59, reordered via 60-slot cdFieldOrder)
[scraper]   collect length: 6080
[scraper] Fetching vm-slide from show page HTML: https://t.captcha.qq.com/vm-slide.e201876f.enc.js
[scraper]   Got live vm-slide (43688 chars)
[scraper] Step 7a: caplog pre-verify beacon
[scraper] Step 7: buildVDataForPost (standalone, browser profile)
[scraper]   vData: K4qseriCvqNo0mrgrZxaB2B4ZGeg1F...
[scraper] Step 8: verify
  [verify] using jQuery prebuilt body, length: 7827
  [verify] Referer: https://t.captcha.qq.com/cap_union_new_show?aid=2046626881&protocol=https&accver...
[scraper]   errorCode: 12, ticket: none
[scraper] Step 9: caplog post-verify beacon
[scraper]   Failed with errorCode 12, retrying...
[scraper] Attempt 1 failed: CAPTCHA verify returned errorCode 12
[scraper] Attempt 2/3
[scraper] Attempt 1/3
[scraper] Step 1: prehandle
[scraper]   sess: s1QAYL-H6mjRhvjGn1ny...
[scraper] Step 2: getSig
[scraper]   nonce: eda1152f11f1daf0
[scraper] Step 3: downloadImages
[scraper]   bg: 15436 bytes, slice: 4303 bytes
[scraper] Step 4: downloadTdc
[scraper]   tdc source: 197257 chars
[scraper] Step 4b: fetch tcaptcha-slide.js (HAR entry 6)
[scraper]   tcaptcha-slide.js fetched
[scraper]   TDC_NAME: FVgbJVJYTmGMFSCMcnTkYjmSFkYnESZF
[scraper]   Source hash: daf0c711ccb82124
[scraper]   Template: B, opcodes: 94
[scraper]   eks: kZSJ/eW9ClKvrZNRdieU...
[scraper] Step 5: solveSlider
[scraper]   rawOffset: 505
[scraper]   ans: 505,70;
[scraper] Step 6: generateCollect
[scraper]   Chrome profile: 60 cd fields (canonical 59, reordered via 60-slot cdFieldOrder)
[scraper]   collect length: 6624
[scraper] Fetching vm-slide from show page HTML: https://t.captcha.qq.com/vm-slide.e201876f.enc.js
[scraper]   Got live vm-slide (43688 chars)
[scraper] Step 7a: caplog pre-verify beacon
[scraper] Step 7: buildVDataForPost (standalone, browser profile)
[scraper]   vData: PtAun2D5V*qO*PtkZzQhz2TcGLNyEx...
[scraper] Step 8: verify
  [verify] using jQuery prebuilt body, length: 8453
  [verify] Referer: https://t.captcha.qq.com/cap_union_new_show?aid=2046626881&protocol=https&accver...
[scraper]   errorCode: 12, ticket: none
[scraper] Step 9: caplog post-verify beacon
[scraper]   Failed with errorCode 12, retrying...
[scraper] Attempt 2/3
[scraper] Step 1: prehandle
[scraper]   sess: s1v7E3eA5MXdRmsYNTj3...
[scraper] Step 2: getSig
[scraper]   nonce: eda1152f11f1daf0
[scraper] Step 3: downloadImages
[scraper]   bg: 25122 bytes, slice: 5977 bytes
[scraper] Step 4: downloadTdc
[scraper]   tdc source: 197257 chars
[scraper] Step 4b: fetch tcaptcha-slide.js (HAR entry 6)
[scraper]   tcaptcha-slide.js fetched
[scraper]   TDC_NAME: FVgbJVJYTmGMFSCMcnTkYjmSFkYnESZF
[scraper]   Source hash: daf0c711ccb82124
[scraper]   Template: B, opcodes: 94
[scraper]   eks: +2vBxEuBk398IEFx2pbW...
[scraper] Step 5: solveSlider
[scraper]   rawOffset: 479
[scraper]   ans: 479,158;
[scraper] Step 6: generateCollect
[scraper]   Chrome profile: 60 cd fields (canonical 59, reordered via 60-slot cdFieldOrder)
[scraper]   collect length: 6296
[scraper] Fetching vm-slide from show page HTML: https://t.captcha.qq.com/vm-slide.e201876f.enc.js
[scraper]   Got live vm-slide (43688 chars)
[scraper] Step 7a: caplog pre-verify beacon
[scraper] Step 7: buildVDataForPost (standalone, browser profile)
[scraper]   vData: 58kJx4JwkRFRggqaJFv_LhiNNxC1-b...
[scraper] Step 8: verify
  [verify] using jQuery prebuilt body, length: 8084
  [verify] Referer: https://t.captcha.qq.com/cap_union_new_show?aid=2046626881&protocol=https&accver...
[scraper]   errorCode: 12, ticket: none
[scraper] Step 9: caplog post-verify beacon
[scraper]   Failed with errorCode 12, retrying...
[scraper] Attempt 3/3
[scraper] Step 1: prehandle
[scraper]   sess: s1VIPcOGM9bMzC31h2D1...
[scraper] Step 2: getSig
[scraper]   nonce: eda1152f11f1daf0
[scraper] Step 3: downloadImages
[scraper]   bg: 24779 bytes, slice: 6790 bytes
[scraper] Step 4: downloadTdc
[scraper]   tdc source: 199611 chars
[scraper] Step 4b: fetch tcaptcha-slide.js (HAR entry 6)
[scraper]   tcaptcha-slide.js fetched
[scraper]   TDC_NAME: BGDfWkdQOJJJTnHCNCnZRJZJSeFRWONJ
[scraper]   Source hash: 3429444f324c6110
[scraper]   Template: unknown, opcodes: 91
[scraper]   eks: 9SDF9P0w2aCLmoL+5Jq+...
[scraper] Step 5: solveSlider
[scraper]   rawOffset: 468
[scraper]   ans: 468,30;
[scraper] Step 6: generateCollect
[scraper]   Chrome profile: 60 cd fields (canonical 59, reordered via 60-slot cdFieldOrder)
[scraper]   collect length: 6680
[scraper] Fetching vm-slide from show page HTML: https://t.captcha.qq.com/vm-slide.e201876f.enc.js
[scraper]   Got live vm-slide (43688 chars)
[scraper] Step 7a: caplog pre-verify beacon
[scraper] Step 7: buildVDataForPost (standalone, browser profile)
[scraper]   vData: IBRwaATB1kT1763_XNfB_i70X44Oej...
[scraper] Step 8: verify
  [verify] using jQuery prebuilt body, length: 8496
  [verify] Referer: https://t.captcha.qq.com/cap_union_new_show?aid=2046626881&protocol=https&accver...
[scraper]   errorCode: 12, ticket: none
[scraper] Step 9: caplog post-verify beacon
[scraper]   Failed with errorCode 12, retrying...
[scraper] Attempt 2 failed: CAPTCHA verify returned errorCode 12
[scraper] Attempt 3/3
[scraper] Attempt 1/3
[scraper] Step 1: prehandle
[scraper]   sess: s1J_T_bx5vD9ZwoC-qqM...
[scraper] Step 2: getSig
[scraper]   nonce: eda1152f11f1daf0
[scraper] Step 3: downloadImages
[scraper]   bg: 15458 bytes, slice: 4548 bytes
[scraper] Step 4: downloadTdc
[scraper]   tdc source: 199611 chars
[scraper] Step 4b: fetch tcaptcha-slide.js (HAR entry 6)
[scraper]   tcaptcha-slide.js fetched
[scraper]   TDC_NAME: BGDfWkdQOJJJTnHCNCnZRJZJSeFRWONJ
[scraper]   Source hash: 3429444f324c6110
[scraper]   Template: unknown, opcodes: 91
[scraper]   eks: dvlQiZuf902EjYfa9Iao...
[scraper] Step 5: solveSlider
[scraper]   rawOffset: 469
[scraper]   ans: 469,30;
[scraper] Step 6: generateCollect
[scraper]   Chrome profile: 60 cd fields (canonical 59, reordered via 60-slot cdFieldOrder)
[scraper]   collect length: 6508
[scraper] Fetching vm-slide from show page HTML: https://t.captcha.qq.com/vm-slide.e201876f.enc.js
[scraper]   Got live vm-slide (43688 chars)
[scraper] Step 7a: caplog pre-verify beacon
[scraper] Step 7: buildVDataForPost (standalone, browser profile)
[scraper]   vData: VueBKpkQNbhk8PJ_PeBGUrZa0SQPFx...
[scraper] Step 8: verify
  [verify] using jQuery prebuilt body, length: 8303
  [verify] Referer: https://t.captcha.qq.com/cap_union_new_show?aid=2046626881&protocol=https&accver...
[scraper]   errorCode: 12, ticket: none
[scraper] Step 9: caplog post-verify beacon
[scraper]   Failed with errorCode 12, retrying...
[scraper] Attempt 2/3
[scraper] Step 1: prehandle
[scraper]   sess: s1TlawzV-Eg1TwtzWMCW...
[scraper] Step 2: getSig
[scraper]   nonce: eda1152f11f1daf0
[scraper] Step 3: downloadImages
[scraper]   bg: 25403 bytes, slice: 4875 bytes
[scraper] Step 4: downloadTdc
[scraper]   tdc source: 197545 chars
[scraper] Step 4b: fetch tcaptcha-slide.js (HAR entry 6)
[scraper]   tcaptcha-slide.js fetched
[scraper]   TDC_NAME: dNiffQDBnfBhFYVHJUXMVbRchmDEmPaH
[scraper]   Source hash: f53142c54fc43699
[scraper]   Source hash not in cache — attempting auto-port via pipeline...
[scraper] Auto-porting unknown template: f53142c54fc43699
[scraper] Auto-port failed for f53142c54fc43699: Command failed: /home/ubun/.nvm/versions/node/v22.17.0/bin/node /home/ubun/github.com/tut1vog/reverse-chaosvm/tools/porting-pipeline/run.js /tmp/tdc-autoport-f53142c54fc43699.js --skip-verify

[scraper]   Error: Unknown template (hash=f53142c54fc43699), auto-port failed
[scraper] Attempt 3/3
[scraper] Step 1: prehandle
[scraper]   sess: s1xug66GoOeCsq3T8A2u...
[scraper] Step 2: getSig
[scraper]   nonce: eda1152f11f1daf0
[scraper] Step 3: downloadImages
[scraper]   bg: 15500 bytes, slice: 4211 bytes
[scraper] Step 4: downloadTdc
[scraper]   tdc source: 162790 chars
[scraper] Step 4b: fetch tcaptcha-slide.js (HAR entry 6)
[scraper]   tcaptcha-slide.js fetched
[scraper]   TDC_NAME: DkPDkCnAekYMgVghTDOeSKmVZbkVCQUG
[scraper]   Source hash: e2170903e201e018
[scraper]   Template: unknown, opcodes: 93
[scraper]   eks: JQSUujmRul+zbqqrJxHP...
[scraper] Step 5: solveSlider
[scraper]   rawOffset: 520
[scraper]   ans: 520,48;
[scraper] Step 6: generateCollect
[scraper]   Chrome profile: 60 cd fields (canonical 59, reordered via 60-slot cdFieldOrder)
[scraper]   collect length: 6528
[scraper] Fetching vm-slide from show page HTML: https://t.captcha.qq.com/vm-slide.e201876f.enc.js
[scraper]   Got live vm-slide (43688 chars)
[scraper] Step 7a: caplog pre-verify beacon
[scraper] Step 7: buildVDataForPost (standalone, browser profile)
[scraper]   vData: -Iq3xF474Ut2Kc98LMr5F24umGC0Tn...
[scraper] Step 8: verify
  [verify] using jQuery prebuilt body, length: 8320
  [verify] Referer: https://t.captcha.qq.com/cap_union_new_show?aid=2046626881&protocol=https&accver...
[scraper]   errorCode: 12, ticket: none
[scraper] Step 9: caplog post-verify beacon
[scraper]   Failed with errorCode 12, retrying...
[scraper] Attempt 3 failed: CAPTCHA verify returned errorCode 12
Error: CAPTCHA solve failed after 3 attempts: CAPTCHA verify returned errorCode 12
---
=== attempt 23/30 @ 2026-04-16T13:02:17Z ===
[scraper] Template cache loaded and seeded
[scraper] Default profile loaded
[scraper] jQuery source loaded (96410 chars)
[scraper] vm-slide fallback loaded (43688 chars)
[scraper] vData profile loaded from /home/ubun/github.com/tut1vog/reverse-chaosvm/profiles/vdata-browser-default.json
[scraper] Chrome fingerprint profile loaded (59 canonical fields)
[scraper] Init complete
[scraper] Solving CAPTCHA only (no urlsec query)
[scraper] Attempt 1/3
[scraper] Attempt 1/3
[scraper] Step 1: prehandle
[scraper]   sess: s1G9M0Up2fURzlY4huGC...
[scraper] Step 2: getSig
[scraper]   nonce: eda1152f11f1daf0
[scraper] Step 3: downloadImages
[scraper]   bg: 25122 bytes, slice: 5977 bytes
[scraper] Step 4: downloadTdc
[scraper]   tdc source: 203186 chars
[scraper] Step 4b: fetch tcaptcha-slide.js (HAR entry 6)
[scraper]   tcaptcha-slide.js fetched
[scraper]   TDC_NAME: UAniMSgbcnMTPUjjGcEVEnBCQgkKHVWS
[scraper]   Source hash: 88ebeea62f566ec5
[scraper]   Source hash not in cache — attempting auto-port via pipeline...
[scraper] Auto-porting unknown template: 88ebeea62f566ec5
[scraper] Auto-port failed for 88ebeea62f566ec5: Command failed: /home/ubun/.nvm/versions/node/v22.17.0/bin/node /home/ubun/github.com/tut1vog/reverse-chaosvm/tools/porting-pipeline/run.js /tmp/tdc-autoport-88ebeea62f566ec5.js --skip-verify

[scraper]   Error: Unknown template (hash=88ebeea62f566ec5), auto-port failed
[scraper] Attempt 2/3
[scraper] Step 1: prehandle
[scraper]   sess: s1yxuimC7098qysMkwZi...
[scraper] Step 2: getSig
[scraper]   nonce: eda1152f11f1daf0
[scraper] Step 3: downloadImages
[scraper]   bg: 11515 bytes, slice: 5856 bytes
[scraper] Step 4: downloadTdc
[scraper]   tdc source: 144440 chars
[scraper] Step 4b: fetch tcaptcha-slide.js (HAR entry 6)
[scraper]   tcaptcha-slide.js fetched
[scraper]   TDC_NAME: SlVCfKSRjkmVXRnTigehmWSaDkeUUNfk
[scraper]   Source hash: e5341ccb12b78e65
[scraper]   Template: unknown, opcodes: 96
[scraper]   eks: 6KH28I8mEVFrjje0DLnO...
[scraper] Step 5: solveSlider
[scraper]   rawOffset: 457
[scraper]   ans: 457,30;
[scraper] Step 6: generateCollect
[scraper]   Chrome profile: 60 cd fields (canonical 59, reordered via 60-slot cdFieldOrder)
[scraper]   collect length: 6496
[scraper] Fetching vm-slide from show page HTML: https://t.captcha.qq.com/vm-slide.e201876f.enc.js
[scraper]   Got live vm-slide (43688 chars)
[scraper] Step 7a: caplog pre-verify beacon
[scraper] Step 7: buildVDataForPost (standalone, browser profile)
[scraper]   vData: znXmtEQyJRgJb6MWdHxQh9WFXcMTbd...
[scraper] Step 8: verify
  [verify] using jQuery prebuilt body, length: 8337
  [verify] Referer: https://t.captcha.qq.com/cap_union_new_show?aid=2046626881&protocol=https&accver...
[scraper]   errorCode: 12, ticket: none
[scraper] Step 9: caplog post-verify beacon
[scraper]   Failed with errorCode 12, retrying...
[scraper] Attempt 3/3
[scraper] Step 1: prehandle
[scraper]   sess: s1bQgHzu2JzJdCV3yEHS...
[scraper] Step 2: getSig
[scraper]   nonce: eda1152f11f1daf0
[scraper] Step 3: downloadImages
[scraper]   bg: 11561 bytes, slice: 5354 bytes
[scraper] Step 4: downloadTdc
[scraper]   tdc source: 161122 chars
[scraper] Step 4b: fetch tcaptcha-slide.js (HAR entry 6)
[scraper]   tcaptcha-slide.js fetched
[scraper]   TDC_NAME: gUbSKiHCiVNcdeXaKTECbTOEkdOclkcR
[scraper]   Source hash: 02fd132edb24a8c1
[scraper]   Template: C, opcodes: 100
[scraper]   eks: CP/ReoymFCTqqKt94onw...
[scraper] Step 5: solveSlider
[scraper]   rawOffset: 479
[scraper]   ans: 479,72;
[scraper] Step 6: generateCollect
[scraper]   Chrome profile: 60 cd fields (canonical 59, reordered via 60-slot cdFieldOrder)
[scraper]   collect length: 6412
[scraper] Fetching vm-slide from show page HTML: https://t.captcha.qq.com/vm-slide.e201876f.enc.js
[scraper]   Got live vm-slide (43688 chars)
[scraper] Step 7a: caplog pre-verify beacon
[scraper] Step 7: buildVDataForPost (standalone, browser profile)
[scraper]   vData: K4qseriCvqNo0mrgrZxaBqr7AgHxHf...
[scraper] Step 8: verify
  [verify] using jQuery prebuilt body, length: 8228
  [verify] Referer: https://t.captcha.qq.com/cap_union_new_show?aid=2046626881&protocol=https&accver...
[scraper]   errorCode: 12, ticket: none
[scraper] Step 9: caplog post-verify beacon
[scraper]   Failed with errorCode 12, retrying...
[scraper] Attempt 1 failed: CAPTCHA verify returned errorCode 12
[scraper] Attempt 2/3
[scraper] Attempt 1/3
[scraper] Step 1: prehandle
[scraper]   sess: s1wYPiEYmXdoc6sjflw4...
[scraper] Step 2: getSig
[scraper]   nonce: eda1152f11f1daf0
[scraper] Step 3: downloadImages
[scraper]   bg: 12418 bytes, slice: 4356 bytes
[scraper] Step 4: downloadTdc
[scraper]   tdc source: 197257 chars
[scraper] Step 4b: fetch tcaptcha-slide.js (HAR entry 6)
[scraper]   tcaptcha-slide.js fetched
[scraper]   TDC_NAME: FVgbJVJYTmGMFSCMcnTkYjmSFkYnESZF
[scraper]   Source hash: daf0c711ccb82124
[scraper]   Template: B, opcodes: 94
[scraper]   eks: IWnfS7itQ+J0dIHN5/RQ...
[scraper] Step 5: solveSlider
[scraper]   rawOffset: 484
[scraper]   ans: 484,86;
[scraper] Step 6: generateCollect
[scraper]   Chrome profile: 60 cd fields (canonical 59, reordered via 60-slot cdFieldOrder)
[scraper]   collect length: 6252
[scraper] Fetching vm-slide from show page HTML: https://t.captcha.qq.com/vm-slide.e201876f.enc.js
[scraper]   Got live vm-slide (43688 chars)
[scraper] Step 7a: caplog pre-verify beacon
[scraper] Step 7: buildVDataForPost (standalone, browser profile)
[scraper]   vData: -Iq3xF474Ut2Kc98LMr5Fxhckloj0-...
[scraper] Step 8: verify
  [verify] using jQuery prebuilt body, length: 8045
  [verify] Referer: https://t.captcha.qq.com/cap_union_new_show?aid=2046626881&protocol=https&accver...
[scraper]   errorCode: 12, ticket: none
[scraper] Step 9: caplog post-verify beacon
[scraper]   Failed with errorCode 12, retrying...
[scraper] Attempt 2/3
[scraper] Step 1: prehandle
[scraper]   sess: s1xrrgWH5XEh_6Dj55WG...
[scraper] Step 2: getSig
[scraper]   nonce: eda1152f11f1daf0
[scraper] Step 3: downloadImages
[scraper]   bg: 22237 bytes, slice: 7008 bytes
[scraper] Step 4: downloadTdc
[scraper]   tdc source: 197545 chars
[scraper] Step 4b: fetch tcaptcha-slide.js (HAR entry 6)
[scraper]   tcaptcha-slide.js fetched
[scraper]   TDC_NAME: dNiffQDBnfBhFYVHJUXMVbRchmDEmPaH
[scraper]   Source hash: f53142c54fc43699
[scraper]   Source hash not in cache — attempting auto-port via pipeline...
[scraper] Auto-porting unknown template: f53142c54fc43699
[scraper] Auto-port failed for f53142c54fc43699: Command failed: /home/ubun/.nvm/versions/node/v22.17.0/bin/node /home/ubun/github.com/tut1vog/reverse-chaosvm/tools/porting-pipeline/run.js /tmp/tdc-autoport-f53142c54fc43699.js --skip-verify

[scraper]   Error: Unknown template (hash=f53142c54fc43699), auto-port failed
[scraper] Attempt 3/3
[scraper] Step 1: prehandle
[scraper]   sess: s1lMXz4GfYDiiJsxyQ-b...
[scraper] Step 2: getSig
[scraper]   nonce: eda1152f11f1daf0
[scraper] Step 3: downloadImages
[scraper]   bg: 25398 bytes, slice: 4900 bytes
[scraper] Step 4: downloadTdc
[scraper]   tdc source: 161122 chars
[scraper] Step 4b: fetch tcaptcha-slide.js (HAR entry 6)
[scraper]   tcaptcha-slide.js fetched
[scraper]   TDC_NAME: gUbSKiHCiVNcdeXaKTECbTOEkdOclkcR
[scraper]   Source hash: 02fd132edb24a8c1
[scraper]   Template: C, opcodes: 100
[scraper]   eks: y5QQb6fMIJOtXtBjMFSe...
[scraper] Step 5: solveSlider
[scraper]   rawOffset: 475
[scraper]   ans: 475,71;
[scraper] Step 6: generateCollect
[scraper]   Chrome profile: 60 cd fields (canonical 59, reordered via 60-slot cdFieldOrder)
[scraper]   collect length: 6444
[scraper] Fetching vm-slide from show page HTML: https://t.captcha.qq.com/vm-slide.e201876f.enc.js
[scraper]   Got live vm-slide (43688 chars)
[scraper] Step 7a: caplog pre-verify beacon
[scraper] Step 7: buildVDataForPost (standalone, browser profile)
[scraper]   vData: 6cvQlh92lvIWCbTyucP2P3ugCDDUiG...
[scraper] Step 8: verify
  [verify] using jQuery prebuilt body, length: 8234
  [verify] Referer: https://t.captcha.qq.com/cap_union_new_show?aid=2046626881&protocol=https&accver...
[scraper]   errorCode: 12, ticket: none
[scraper] Step 9: caplog post-verify beacon
[scraper]   Failed with errorCode 12, retrying...
[scraper] Attempt 2 failed: CAPTCHA verify returned errorCode 12
[scraper] Attempt 3/3
[scraper] Attempt 1/3
[scraper] Step 1: prehandle
[scraper]   sess: s1H0oH6WcP03aCHSK6MF...
[scraper] Step 2: getSig
[scraper]   nonce: eda1152f11f1daf0
[scraper] Step 3: downloadImages
[scraper]   bg: 25427 bytes, slice: 4766 bytes
[scraper] Step 4: downloadTdc
[scraper]   tdc source: 162790 chars
[scraper] Step 4b: fetch tcaptcha-slide.js (HAR entry 6)
[scraper]   tcaptcha-slide.js fetched
[scraper]   TDC_NAME: DkPDkCnAekYMgVghTDOeSKmVZbkVCQUG
[scraper]   Source hash: e2170903e201e018
[scraper]   Template: unknown, opcodes: 93
[scraper]   eks: VrerXSIkqAftiVbvfGud...
[scraper] Step 5: solveSlider
[scraper]   rawOffset: 530
[scraper]   ans: 530,32;
[scraper] Step 6: generateCollect
[scraper]   Chrome profile: 60 cd fields (canonical 59, reordered via 60-slot cdFieldOrder)
[scraper]   collect length: 6144
[scraper] Fetching vm-slide from show page HTML: https://t.captcha.qq.com/vm-slide.e201876f.enc.js
[scraper]   Got live vm-slide (43688 chars)
[scraper] Step 7a: caplog pre-verify beacon
[scraper] Step 7: buildVDataForPost (standalone, browser profile)
[scraper]   vData: -Iq3xF474Ut2Kc98LMr5FMyK7*-Cy6...
[scraper] Step 8: verify
  [verify] using jQuery prebuilt body, length: 7909
  [verify] Referer: https://t.captcha.qq.com/cap_union_new_show?aid=2046626881&protocol=https&accver...
[scraper]   errorCode: 12, ticket: none
[scraper] Step 9: caplog post-verify beacon
[scraper]   Failed with errorCode 12, retrying...
[scraper] Attempt 2/3
[scraper] Step 1: prehandle
[scraper]   sess: s1lKOElCtWZWsll_skr3...
[scraper] Step 2: getSig
[scraper]   nonce: eda1152f11f1daf0
[scraper] Step 3: downloadImages
[scraper]   bg: 13770 bytes, slice: 5499 bytes
[scraper] Step 4: downloadTdc
[scraper]   tdc source: 202765 chars
[scraper] Step 4b: fetch tcaptcha-slide.js (HAR entry 6)
[scraper]   tcaptcha-slide.js fetched
[scraper]   TDC_NAME: HhXakMGlnYKgNcBiVFZCDckSRgJKTmgA
[scraper]   Source hash: 27dda893f81dbc4f
[scraper]   Template: unknown, opcodes: 103
[scraper]   eks: h9j9KQEQXDucsjYdjNzq...
[scraper] Step 5: solveSlider
[scraper]   rawOffset: 485
[scraper]   ans: 485,54;
[scraper] Step 6: generateCollect
[scraper]   Chrome profile: 60 cd fields (canonical 59, reordered via 60-slot cdFieldOrder)
[scraper]   collect length: 6360
[scraper] Fetching vm-slide from show page HTML: https://t.captcha.qq.com/vm-slide.e201876f.enc.js
[scraper]   Got live vm-slide (43688 chars)
[scraper] Step 7a: caplog pre-verify beacon
[scraper] Step 7: buildVDataForPost (standalone, browser profile)
[scraper]   vData: -Iq3xF474Ut2Kc98LMr5Fjk4Kv3Hvw...
[scraper] Step 8: verify
  [verify] using jQuery prebuilt body, length: 8187
  [verify] Referer: https://t.captcha.qq.com/cap_union_new_show?aid=2046626881&protocol=https&accver...
[scraper]   errorCode: 12, ticket: none
[scraper] Step 9: caplog post-verify beacon
[scraper]   Failed with errorCode 12, retrying...
[scraper] Attempt 3/3
[scraper] Step 1: prehandle
[scraper]   sess: s12BWV8nzbtFZC7ltffR...
[scraper] Step 2: getSig
[scraper]   nonce: eda1152f11f1daf0
[scraper] Step 3: downloadImages
[scraper]   bg: 25122 bytes, slice: 5977 bytes
[scraper] Step 4: downloadTdc
[scraper]   tdc source: 162790 chars
[scraper] Step 4b: fetch tcaptcha-slide.js (HAR entry 6)
[scraper]   tcaptcha-slide.js fetched
[scraper]   TDC_NAME: DkPDkCnAekYMgVghTDOeSKmVZbkVCQUG
[scraper]   Source hash: e2170903e201e018
[scraper]   Template: unknown, opcodes: 93
[scraper]   eks: DQdgNx7Hm/Bl1U0MWAHi...
[scraper] Step 5: solveSlider
[scraper]   rawOffset: 479
[scraper]   ans: 479,158;
[scraper] Step 6: generateCollect
[scraper]   Chrome profile: 60 cd fields (canonical 59, reordered via 60-slot cdFieldOrder)
[scraper]   collect length: 6200
[scraper] Fetching vm-slide from show page HTML: https://t.captcha.qq.com/vm-slide.e201876f.enc.js
[scraper]   Got live vm-slide (43688 chars)
[scraper] Step 7a: caplog pre-verify beacon
[scraper] Step 7: buildVDataForPost (standalone, browser profile)
[scraper]   vData: XvOFebMiaDBU2ciBTDCq9dx6DJZQ7B...
[scraper] Step 8: verify
  [verify] using jQuery prebuilt body, length: 7979
  [verify] Referer: https://t.captcha.qq.com/cap_union_new_show?aid=2046626881&protocol=https&accver...
[scraper]   errorCode: 12, ticket: none
[scraper] Step 9: caplog post-verify beacon
[scraper]   Failed with errorCode 12, retrying...
[scraper] Attempt 3 failed: CAPTCHA verify returned errorCode 12
Error: CAPTCHA solve failed after 3 attempts: CAPTCHA verify returned errorCode 12
---
=== attempt 24/30 @ 2026-04-16T13:02:27Z ===
[scraper] Template cache loaded and seeded
[scraper] Default profile loaded
[scraper] jQuery source loaded (96410 chars)
[scraper] vm-slide fallback loaded (43688 chars)
[scraper] vData profile loaded from /home/ubun/github.com/tut1vog/reverse-chaosvm/profiles/vdata-browser-default.json
[scraper] Chrome fingerprint profile loaded (59 canonical fields)
[scraper] Init complete
[scraper] Solving CAPTCHA only (no urlsec query)
[scraper] Attempt 1/3
[scraper] Attempt 1/3
[scraper] Step 1: prehandle
[scraper]   sess: s1f5LUhoyIBL-7zet8HZ...
[scraper] Step 2: getSig
[scraper]   nonce: eda1152f11f1daf0
[scraper] Step 3: downloadImages
[scraper]   bg: 24723 bytes, slice: 6440 bytes
[scraper] Step 4: downloadTdc
[scraper]   tdc source: 162790 chars
[scraper] Step 4b: fetch tcaptcha-slide.js (HAR entry 6)
[scraper]   tcaptcha-slide.js fetched
[scraper]   TDC_NAME: DkPDkCnAekYMgVghTDOeSKmVZbkVCQUG
[scraper]   Source hash: e2170903e201e018
[scraper]   Template: unknown, opcodes: 93
[scraper]   eks: 9yRMFxLlFXDopBBY67vd...
[scraper] Step 5: solveSlider
[scraper]   rawOffset: 498
[scraper]   ans: 498,32;
[scraper] Step 6: generateCollect
[scraper]   Chrome profile: 60 cd fields (canonical 59, reordered via 60-slot cdFieldOrder)
[scraper]   collect length: 6412
[scraper] Fetching vm-slide from show page HTML: https://t.captcha.qq.com/vm-slide.e201876f.enc.js
[scraper]   Got live vm-slide (43688 chars)
[scraper] Step 7a: caplog pre-verify beacon
[scraper] Step 7: buildVDataForPost (standalone, browser profile)
[scraper]   vData: hpm-ATXSEbxs9u3G6-P4xtX-OGX6yQ...
[scraper] Step 8: verify
  [verify] using jQuery prebuilt body, length: 8247
  [verify] Referer: https://t.captcha.qq.com/cap_union_new_show?aid=2046626881&protocol=https&accver...
[scraper]   errorCode: 12, ticket: none
[scraper] Step 9: caplog post-verify beacon
[scraper]   Failed with errorCode 12, retrying...
[scraper] Attempt 2/3
[scraper] Step 1: prehandle
[scraper]   sess: s1csDXEUe1XX-Vq5D8fn...
[scraper] Step 2: getSig
[scraper]   nonce: eda1152f11f1daf0
[scraper] Step 3: downloadImages
[scraper]   bg: 18050 bytes, slice: 5178 bytes
[scraper] Step 4: downloadTdc
[scraper]   tdc source: 161122 chars
[scraper] Step 4b: fetch tcaptcha-slide.js (HAR entry 6)
[scraper]   tcaptcha-slide.js fetched
[scraper]   TDC_NAME: gUbSKiHCiVNcdeXaKTECbTOEkdOclkcR
[scraper]   Source hash: 02fd132edb24a8c1
[scraper]   Template: C, opcodes: 100
[scraper]   eks: L1/s2yf54LVJwr/I82vT...
[scraper] Step 5: solveSlider
[scraper]   rawOffset: 462
[scraper]   ans: 462,80;
[scraper] Step 6: generateCollect
[scraper]   Chrome profile: 60 cd fields (canonical 59, reordered via 60-slot cdFieldOrder)
[scraper]   collect length: 6232
[scraper] Fetching vm-slide from show page HTML: https://t.captcha.qq.com/vm-slide.e201876f.enc.js
[scraper]   Got live vm-slide (43688 chars)
[scraper] Step 7a: caplog pre-verify beacon
[scraper] Step 7: buildVDataForPost (standalone, browser profile)
[scraper]   vData: KsAG-bRvvM8_4iVIzk53EJikX5Owg*...
[scraper] Step 8: verify
  [verify] using jQuery prebuilt body, length: 8027
  [verify] Referer: https://t.captcha.qq.com/cap_union_new_show?aid=2046626881&protocol=https&accver...
[scraper]   errorCode: 12, ticket: none
[scraper] Step 9: caplog post-verify beacon
[scraper]   Failed with errorCode 12, retrying...
[scraper] Attempt 3/3
[scraper] Step 1: prehandle
[scraper]   sess: s1k039nqTCjtev7IJgbm...
[scraper] Step 2: getSig
[scraper]   nonce: eda1152f11f1daf0
[scraper] Step 3: downloadImages
[scraper]   bg: 24889 bytes, slice: 5849 bytes
[scraper] Step 4: downloadTdc
[scraper]   tdc source: 202765 chars
[scraper] Step 4b: fetch tcaptcha-slide.js (HAR entry 6)
[scraper]   tcaptcha-slide.js fetched
[scraper]   TDC_NAME: HhXakMGlnYKgNcBiVFZCDckSRgJKTmgA
[scraper]   Source hash: 27dda893f81dbc4f
[scraper]   Template: unknown, opcodes: 103
[scraper]   eks: XT8GI1m/HvcghseL8r4j...
[scraper] Step 5: solveSlider
[scraper]   rawOffset: 492
[scraper]   ans: 492,112;
[scraper] Step 6: generateCollect
[scraper]   Chrome profile: 60 cd fields (canonical 59, reordered via 60-slot cdFieldOrder)
[scraper]   collect length: 6464
[scraper] Fetching vm-slide from show page HTML: https://t.captcha.qq.com/vm-slide.e201876f.enc.js
[scraper]   Got live vm-slide (43688 chars)
[scraper] Step 7a: caplog pre-verify beacon
[scraper] Step 7: buildVDataForPost (standalone, browser profile)
[scraper]   vData: dG20EtmVsLgI0kR31V1owO3pA4c28T...
[scraper] Step 8: verify
  [verify] using jQuery prebuilt body, length: 8283
  [verify] Referer: https://t.captcha.qq.com/cap_union_new_show?aid=2046626881&protocol=https&accver...
[scraper]   errorCode: 12, ticket: none
[scraper] Step 9: caplog post-verify beacon
[scraper]   Failed with errorCode 12, retrying...
[scraper] Attempt 1 failed: CAPTCHA verify returned errorCode 12
[scraper] Attempt 2/3
[scraper] Attempt 1/3
[scraper] Step 1: prehandle
[scraper]   sess: s1YlECeXOBWr0tk1pPjd...
[scraper] Step 2: getSig
[scraper]   nonce: eda1152f11f1daf0
[scraper] Step 3: downloadImages
[scraper]   bg: 24922 bytes, slice: 5993 bytes
[scraper] Step 4: downloadTdc
[scraper]   tdc source: 199611 chars
[scraper] Step 4b: fetch tcaptcha-slide.js (HAR entry 6)
[scraper]   tcaptcha-slide.js fetched
[scraper]   TDC_NAME: BGDfWkdQOJJJTnHCNCnZRJZJSeFRWONJ
[scraper]   Source hash: 3429444f324c6110
[scraper]   Template: unknown, opcodes: 91
[scraper]   eks: 8XQTyVsIdIc7kHxHQT/u...
[scraper] Step 5: solveSlider
[scraper]   rawOffset: 459
[scraper]   ans: 459,62;
[scraper] Step 6: generateCollect
[scraper]   Chrome profile: 60 cd fields (canonical 59, reordered via 60-slot cdFieldOrder)
[scraper]   collect length: 6072
[scraper] Fetching vm-slide from show page HTML: https://t.captcha.qq.com/vm-slide.e201876f.enc.js
[scraper]   Got live vm-slide (43688 chars)
[scraper] Step 7a: caplog pre-verify beacon
[scraper] Step 7: buildVDataForPost (standalone, browser profile)
[scraper]   vData: -Iq3xF474Ut2Kc98LMr5Ff1F*Azr1F...
[scraper] Step 8: verify
  [verify] using jQuery prebuilt body, length: 7819
  [verify] Referer: https://t.captcha.qq.com/cap_union_new_show?aid=2046626881&protocol=https&accver...
[scraper]   errorCode: 12, ticket: none
[scraper] Step 9: caplog post-verify beacon
[scraper]   Failed with errorCode 12, retrying...
[scraper] Attempt 2/3
[scraper] Step 1: prehandle
[scraper]   sess: s1lLxllaD48dgD56UDrM...
[scraper] Step 2: getSig
[scraper]   nonce: eda1152f11f1daf0
[scraper] Step 3: downloadImages
[scraper]   bg: 20503 bytes, slice: 7744 bytes
[scraper] Step 4: downloadTdc
[scraper]   tdc source: 144440 chars
[scraper] Step 4b: fetch tcaptcha-slide.js (HAR entry 6)
[scraper]   tcaptcha-slide.js fetched
[scraper]   TDC_NAME: SlVCfKSRjkmVXRnTigehmWSaDkeUUNfk
[scraper]   Source hash: e5341ccb12b78e65
[scraper]   Template: unknown, opcodes: 96
[scraper]   eks: wGcOexI7cWv+JtH5S4dI...
[scraper] Step 5: solveSlider
[scraper]   rawOffset: 487
[scraper]   ans: 487,31;
[scraper] Step 6: generateCollect
[scraper]   Chrome profile: 60 cd fields (canonical 59, reordered via 60-slot cdFieldOrder)
[scraper]   collect length: 6668
[scraper] Fetching vm-slide from show page HTML: https://t.captcha.qq.com/vm-slide.e201876f.enc.js
[scraper]   Got live vm-slide (43688 chars)
[scraper] Step 7a: caplog pre-verify beacon
[scraper] Step 7: buildVDataForPost (standalone, browser profile)
[scraper]   vData: jk7qmOeXdZaO-Sqk-B9yjjZDdufvz_...
[scraper] Step 8: verify
  [verify] using jQuery prebuilt body, length: 8521
  [verify] Referer: https://t.captcha.qq.com/cap_union_new_show?aid=2046626881&protocol=https&accver...
[scraper]   errorCode: 12, ticket: none
[scraper] Step 9: caplog post-verify beacon
[scraper]   Failed with errorCode 12, retrying...
[scraper] Attempt 3/3
[scraper] Step 1: prehandle
[scraper]   sess: s1n7yQSw2ngaUxaLLXEg...
[scraper] Step 2: getSig
[scraper]   nonce: eda1152f11f1daf0
[scraper] Step 3: downloadImages
[scraper]   bg: 18069 bytes, slice: 5765 bytes
[scraper] Step 4: downloadTdc
[scraper]   tdc source: 199611 chars
[scraper] Step 4b: fetch tcaptcha-slide.js (HAR entry 6)
[scraper]   tcaptcha-slide.js fetched
[scraper]   TDC_NAME: BGDfWkdQOJJJTnHCNCnZRJZJSeFRWONJ
[scraper]   Source hash: 3429444f324c6110
[scraper]   Template: unknown, opcodes: 91
[scraper]   eks: BhJAbQ5h2Zmc6fWgN2eQ...
[scraper] Step 5: solveSlider
[scraper]   rawOffset: 453
[scraper]   ans: 453,89;
[scraper] Step 6: generateCollect
[scraper]   Chrome profile: 60 cd fields (canonical 59, reordered via 60-slot cdFieldOrder)
[scraper]   collect length: 6252
[scraper] Fetching vm-slide from show page HTML: https://t.captcha.qq.com/vm-slide.e201876f.enc.js
[scraper]   Got live vm-slide (43688 chars)
[scraper] Step 7a: caplog pre-verify beacon
[scraper] Step 7: buildVDataForPost (standalone, browser profile)
[scraper]   vData: Uh5m8nhwlU2tIHP3yQams*po4tPGEy...
[scraper] Step 8: verify
  [verify] using jQuery prebuilt body, length: 8058
  [verify] Referer: https://t.captcha.qq.com/cap_union_new_show?aid=2046626881&protocol=https&accver...
[scraper]   errorCode: 12, ticket: none
[scraper] Step 9: caplog post-verify beacon
[scraper]   Failed with errorCode 12, retrying...
[scraper] Attempt 2 failed: CAPTCHA verify returned errorCode 12
[scraper] Attempt 3/3
[scraper] Attempt 1/3
[scraper] Step 1: prehandle
[scraper]   sess: s1HGSzY1z9a2edQAy3mB...
[scraper] Step 2: getSig
[scraper]   nonce: eda1152f11f1daf0
[scraper] Step 3: downloadImages
[scraper]   bg: 15436 bytes, slice: 4303 bytes
[scraper] Step 4: downloadTdc
[scraper]   tdc source: 144440 chars
[scraper] Step 4b: fetch tcaptcha-slide.js (HAR entry 6)
[scraper]   tcaptcha-slide.js fetched
[scraper]   TDC_NAME: SlVCfKSRjkmVXRnTigehmWSaDkeUUNfk
[scraper]   Source hash: e5341ccb12b78e65
[scraper]   Template: unknown, opcodes: 96
[scraper]   eks: 4TI0XArJXw1CKGLGjN1Z...
[scraper] Step 5: solveSlider
[scraper]   rawOffset: 505
[scraper]   ans: 505,70;
[scraper] Step 6: generateCollect
[scraper]   Chrome profile: 60 cd fields (canonical 59, reordered via 60-slot cdFieldOrder)
[scraper]   collect length: 6508
[scraper] Fetching vm-slide from show page HTML: https://t.captcha.qq.com/vm-slide.e201876f.enc.js
[scraper]   Got live vm-slide (43688 chars)
[scraper] Step 7a: caplog pre-verify beacon
[scraper] Step 7: buildVDataForPost (standalone, browser profile)
[scraper]   vData: X5UJllUaW8BcdcVggUZjxDBTQDhC44...
[scraper] Step 8: verify
  [verify] using jQuery prebuilt body, length: 8365
  [verify] Referer: https://t.captcha.qq.com/cap_union_new_show?aid=2046626881&protocol=https&accver...
[scraper]   errorCode: 12, ticket: none
[scraper] Step 9: caplog post-verify beacon
[scraper]   Failed with errorCode 12, retrying...
[scraper] Attempt 2/3
[scraper] Step 1: prehandle
[scraper]   sess: s1HRin1_22kyYPPC3bZA...
[scraper] Step 2: getSig
[scraper]   nonce: eda1152f11f1daf0
[scraper] Step 3: downloadImages
[scraper]   bg: 15412 bytes, slice: 4714 bytes
[scraper] Step 4: downloadTdc
[scraper]   tdc source: 197257 chars
[scraper] Step 4b: fetch tcaptcha-slide.js (HAR entry 6)
[scraper]   tcaptcha-slide.js fetched
[scraper]   TDC_NAME: FVgbJVJYTmGMFSCMcnTkYjmSFkYnESZF
[scraper]   Source hash: daf0c711ccb82124
[scraper]   Template: B, opcodes: 94
[scraper]   eks: uZE6jP+z93eO5EbKqiSA...
[scraper] Step 5: solveSlider
[scraper]   rawOffset: 471
[scraper]   ans: 471,30;
[scraper] Step 6: generateCollect
[scraper]   Chrome profile: 60 cd fields (canonical 59, reordered via 60-slot cdFieldOrder)
[scraper]   collect length: 6400
[scraper] Fetching vm-slide from show page HTML: https://t.captcha.qq.com/vm-slide.e201876f.enc.js
[scraper]   Got live vm-slide (43688 chars)
[scraper] Step 7a: caplog pre-verify beacon
[scraper] Step 7: buildVDataForPost (standalone, browser profile)
[scraper]   vData: VueBKpkQNbhk8PJ_PeBGU6u*hvkJW-...
[scraper] Step 8: verify
  [verify] using jQuery prebuilt body, length: 8181
  [verify] Referer: https://t.captcha.qq.com/cap_union_new_show?aid=2046626881&protocol=https&accver...
[scraper]   errorCode: 12, ticket: none
[scraper] Step 9: caplog post-verify beacon
[scraper]   Failed with errorCode 12, retrying...
[scraper] Attempt 3/3
[scraper] Step 1: prehandle
[scraper]   sess: s1AyukuSieFdsdhc8JcF...
[scraper] Step 2: getSig
[scraper]   nonce: eda1152f11f1daf0
[scraper] Step 3: downloadImages
[scraper]   bg: 12433 bytes, slice: 4959 bytes
[scraper] Step 4: downloadTdc
[scraper]   tdc source: 197545 chars
[scraper] Step 4b: fetch tcaptcha-slide.js (HAR entry 6)
[scraper]   tcaptcha-slide.js fetched
[scraper]   TDC_NAME: dNiffQDBnfBhFYVHJUXMVbRchmDEmPaH
[scraper]   Source hash: f53142c54fc43699
[scraper]   Source hash not in cache — attempting auto-port via pipeline...
[scraper] Auto-porting unknown template: f53142c54fc43699
[scraper] Auto-port failed for f53142c54fc43699: Command failed: /home/ubun/.nvm/versions/node/v22.17.0/bin/node /home/ubun/github.com/tut1vog/reverse-chaosvm/tools/porting-pipeline/run.js /tmp/tdc-autoport-f53142c54fc43699.js --skip-verify

[scraper]   Error: Unknown template (hash=f53142c54fc43699), auto-port failed
[scraper] Attempt 3 failed: Unknown template (hash=f53142c54fc43699), auto-port failed
Error: CAPTCHA solve failed after 3 attempts: Unknown template (hash=f53142c54fc43699), auto-port failed
---
=== attempt 25/30 @ 2026-04-16T13:02:38Z ===
[scraper] Template cache loaded and seeded
[scraper] Default profile loaded
[scraper] jQuery source loaded (96410 chars)
[scraper] vm-slide fallback loaded (43688 chars)
[scraper] vData profile loaded from /home/ubun/github.com/tut1vog/reverse-chaosvm/profiles/vdata-browser-default.json
[scraper] Chrome fingerprint profile loaded (59 canonical fields)
[scraper] Init complete
[scraper] Solving CAPTCHA only (no urlsec query)
[scraper] Attempt 1/3
[scraper] Attempt 1/3
[scraper] Step 1: prehandle
[scraper]   sess: s1PS6Zh-4VCWrcS8ec98...
[scraper] Step 2: getSig
[scraper]   nonce: eda1152f11f1daf0
[scraper] Step 3: downloadImages
[scraper]   bg: 24723 bytes, slice: 6440 bytes
[scraper] Step 4: downloadTdc
[scraper]   tdc source: 129582 chars
[scraper] Step 4b: fetch tcaptcha-slide.js (HAR entry 6)
[scraper]   tcaptcha-slide.js fetched
[scraper]   TDC_NAME: XcabTONObCYZeEGNPRmPGBQbTmYKEAHj
[scraper]   Source hash: e6a45ba64d246f82
[scraper]   Template: unknown, opcodes: 98
[scraper]   eks: FJWF5NJAygWxuGp2AsTk...
[scraper] Step 5: solveSlider
[scraper]   rawOffset: 498
[scraper]   ans: 498,32;
[scraper] Step 6: generateCollect
[scraper]   Chrome profile: 60 cd fields (canonical 59, reordered via 60-slot cdFieldOrder)
[scraper]   collect length: 6368
[scraper] Fetching vm-slide from show page HTML: https://t.captcha.qq.com/vm-slide.e201876f.enc.js
[scraper]   Got live vm-slide (43688 chars)
[scraper] Step 7a: caplog pre-verify beacon
[scraper] Step 7: buildVDataForPost (standalone, browser profile)
[scraper]   vData: hUDp9UaRBR-7Ie3-6rhrvu-A11C1Jj...
[scraper] Step 8: verify
  [verify] using jQuery prebuilt body, length: 8183
  [verify] Referer: https://t.captcha.qq.com/cap_union_new_show?aid=2046626881&protocol=https&accver...
[scraper]   errorCode: 12, ticket: none
[scraper] Step 9: caplog post-verify beacon
[scraper]   Failed with errorCode 12, retrying...
[scraper] Attempt 2/3
[scraper] Step 1: prehandle
[scraper]   sess: s1nqeEReRvjp0BR7s1TD...
[scraper] Step 2: getSig
[scraper]   nonce: eda1152f11f1daf0
[scraper] Step 3: downloadImages
[scraper]   bg: 11541 bytes, slice: 5615 bytes
[scraper] Step 4: downloadTdc
[scraper]   tdc source: 197257 chars
[scraper] Step 4b: fetch tcaptcha-slide.js (HAR entry 6)
[scraper]   tcaptcha-slide.js fetched
[scraper]   TDC_NAME: FVgbJVJYTmGMFSCMcnTkYjmSFkYnESZF
[scraper]   Source hash: daf0c711ccb82124
[scraper]   Template: B, opcodes: 94
[scraper]   eks: rfh90NZ9/sli1naL0R86...
[scraper] Step 5: solveSlider
[scraper]   rawOffset: 497
[scraper]   ans: 497,30;
[scraper] Step 6: generateCollect
[scraper]   Chrome profile: 60 cd fields (canonical 59, reordered via 60-slot cdFieldOrder)
[scraper]   collect length: 6680
[scraper] Fetching vm-slide from show page HTML: https://t.captcha.qq.com/vm-slide.e201876f.enc.js
[scraper]   Got live vm-slide (43688 chars)
[scraper] Step 7a: caplog pre-verify beacon
[scraper] Step 7: buildVDataForPost (standalone, browser profile)
[scraper]   vData: t4bqKcFtVT3mJ2rglnU3xsUVN8FxUj...
[scraper] Step 8: verify
  [verify] using jQuery prebuilt body, length: 8503
  [verify] Referer: https://t.captcha.qq.com/cap_union_new_show?aid=2046626881&protocol=https&accver...
[scraper]   errorCode: 12, ticket: none
[scraper] Step 9: caplog post-verify beacon
[scraper]   Failed with errorCode 12, retrying...
[scraper] Attempt 3/3
[scraper] Step 1: prehandle
[scraper]   sess: s1C7hmzomc_HIc7Cpl0W...
[scraper] Step 2: getSig
[scraper]   nonce: eda1152f11f1daf0
[scraper] Step 3: downloadImages
[scraper]   bg: 18121 bytes, slice: 5385 bytes
[scraper] Step 4: downloadTdc
[scraper]   tdc source: 197257 chars
[scraper] Step 4b: fetch tcaptcha-slide.js (HAR entry 6)
[scraper]   tcaptcha-slide.js fetched
[scraper]   TDC_NAME: FVgbJVJYTmGMFSCMcnTkYjmSFkYnESZF
[scraper]   Source hash: daf0c711ccb82124
[scraper]   Template: B, opcodes: 94
[scraper]   eks: cKsjEhC+FvoH1oieIEsX...
[scraper] Step 5: solveSlider
[scraper]   rawOffset: 491
[scraper]   ans: 491,80;
[scraper] Step 6: generateCollect
[scraper]   Chrome profile: 60 cd fields (canonical 59, reordered via 60-slot cdFieldOrder)
[scraper]   collect length: 6520
[scraper] Fetching vm-slide from show page HTML: https://t.captcha.qq.com/vm-slide.e201876f.enc.js
[scraper]   Got live vm-slide (43688 chars)
[scraper] Step 7a: caplog pre-verify beacon
[scraper] Step 7: buildVDataForPost (standalone, browser profile)
[scraper]   vData: 2TU0h3Syjf1LffPVcT67Q2b*x5Hy8Z...
[scraper] Step 8: verify
  [verify] using jQuery prebuilt body, length: 8312
  [verify] Referer: https://t.captcha.qq.com/cap_union_new_show?aid=2046626881&protocol=https&accver...
[scraper]   errorCode: 12, ticket: none
[scraper] Step 9: caplog post-verify beacon
[scraper]   Failed with errorCode 12, retrying...
[scraper] Attempt 1 failed: CAPTCHA verify returned errorCode 12
[scraper] Attempt 2/3
[scraper] Attempt 1/3
[scraper] Step 1: prehandle
[scraper]   sess: s14ZE1IAHsow6z2frDgD...
[scraper] Step 2: getSig
[scraper]   nonce: eda1152f11f1daf0
[scraper] Step 3: downloadImages
[scraper]   bg: 20524 bytes, slice: 6516 bytes
[scraper] Step 4: downloadTdc
[scraper]   tdc source: 197545 chars
[scraper] Step 4b: fetch tcaptcha-slide.js (HAR entry 6)
[scraper]   tcaptcha-slide.js fetched
[scraper]   TDC_NAME: dNiffQDBnfBhFYVHJUXMVbRchmDEmPaH
[scraper]   Source hash: f53142c54fc43699
[scraper]   Source hash not in cache — attempting auto-port via pipeline...
[scraper] Auto-porting unknown template: f53142c54fc43699
[scraper] Auto-port failed for f53142c54fc43699: Command failed: /home/ubun/.nvm/versions/node/v22.17.0/bin/node /home/ubun/github.com/tut1vog/reverse-chaosvm/tools/porting-pipeline/run.js /tmp/tdc-autoport-f53142c54fc43699.js --skip-verify

[scraper]   Error: Unknown template (hash=f53142c54fc43699), auto-port failed
[scraper] Attempt 2/3
[scraper] Step 1: prehandle
[scraper]   sess: s1-KkE9rSDiBIgCsPnno...
[scraper] Step 2: getSig
[scraper]   nonce: eda1152f11f1daf0
[scraper] Step 3: downloadImages
[scraper]   bg: 20485 bytes, slice: 7206 bytes
[scraper] Step 4: downloadTdc
[scraper]   tdc source: 199611 chars
[scraper] Step 4b: fetch tcaptcha-slide.js (HAR entry 6)
[scraper]   tcaptcha-slide.js fetched
[scraper]   TDC_NAME: BGDfWkdQOJJJTnHCNCnZRJZJSeFRWONJ
[scraper]   Source hash: 3429444f324c6110
[scraper]   Template: unknown, opcodes: 91
[scraper]   eks: D+4BfRXfifXsgbX3eeab...
[scraper] Step 5: solveSlider
[scraper]   rawOffset: 456
[scraper]   ans: 456,86;
[scraper] Step 6: generateCollect
[scraper]   Chrome profile: 60 cd fields (canonical 59, reordered via 60-slot cdFieldOrder)
[scraper]   collect length: 6188
[scraper] Fetching vm-slide from show page HTML: https://t.captcha.qq.com/vm-slide.e201876f.enc.js
[scraper]   Got live vm-slide (43688 chars)
[scraper] Step 7a: caplog pre-verify beacon
[scraper] Step 7: buildVDataForPost (standalone, browser profile)
[scraper]   vData: 2WDXZNl-mW6ykLL1bSuxPqi5h55El_...
[scraper] Step 8: verify
  [verify] using jQuery prebuilt body, length: 7973
  [verify] Referer: https://t.captcha.qq.com/cap_union_new_show?aid=2046626881&protocol=https&accver...
[scraper]   errorCode: 12, ticket: none
[scraper] Step 9: caplog post-verify beacon
[scraper]   Failed with errorCode 12, retrying...
[scraper] Attempt 3/3
[scraper] Step 1: prehandle
[scraper]   sess: s1ZFqUkXV4YALxaYaVf4...
[scraper] Step 2: getSig
[scraper]   nonce: eda1152f11f1daf0
[scraper] Step 3: downloadImages
[scraper]   bg: 11549 bytes, slice: 5616 bytes
[scraper] Step 4: downloadTdc
[scraper]   tdc source: 197257 chars
[scraper] Step 4b: fetch tcaptcha-slide.js (HAR entry 6)
[scraper]   tcaptcha-slide.js fetched
[scraper]   TDC_NAME: FVgbJVJYTmGMFSCMcnTkYjmSFkYnESZF
[scraper]   Source hash: daf0c711ccb82124
[scraper]   Template: B, opcodes: 94
[scraper]   eks: LkMjHSD494t77dlbmMWe...
[scraper] Step 5: solveSlider
[scraper]   rawOffset: 473
[scraper]   ans: 473,44;
[scraper] Step 6: generateCollect
[scraper]   Chrome profile: 60 cd fields (canonical 59, reordered via 60-slot cdFieldOrder)
[scraper]   collect length: 6368
[scraper] Fetching vm-slide from show page HTML: https://t.captcha.qq.com/vm-slide.e201876f.enc.js
[scraper]   Got live vm-slide (43688 chars)
[scraper] Step 7a: caplog pre-verify beacon
[scraper] Step 7: buildVDataForPost (standalone, browser profile)
[scraper]   vData: y41WPZF48wb3JyRhX_g1hZrq9p0c7s...
[scraper] Step 8: verify
  [verify] using jQuery prebuilt body, length: 8210
  [verify] Referer: https://t.captcha.qq.com/cap_union_new_show?aid=2046626881&protocol=https&accver...
[scraper]   errorCode: 12, ticket: none
[scraper] Step 9: caplog post-verify beacon
[scraper]   Failed with errorCode 12, retrying...
[scraper] Attempt 2 failed: CAPTCHA verify returned errorCode 12
[scraper] Attempt 3/3
[scraper] Attempt 1/3
[scraper] Step 1: prehandle
[scraper]   sess: s1-i22dYfmmzZf9jF27k...
[scraper] Step 2: getSig
[scraper]   nonce: eda1152f11f1daf0
[scraper] Step 3: downloadImages
[scraper]   bg: 15466 bytes, slice: 4084 bytes
[scraper] Step 4: downloadTdc
[scraper]   tdc source: 161122 chars
[scraper] Step 4b: fetch tcaptcha-slide.js (HAR entry 6)
[scraper]   tcaptcha-slide.js fetched
[scraper]   TDC_NAME: gUbSKiHCiVNcdeXaKTECbTOEkdOclkcR
[scraper]   Source hash: 02fd132edb24a8c1
[scraper]   Template: C, opcodes: 100
[scraper]   eks: d/o96V537ifbG8qSu0oU...
[scraper] Step 5: solveSlider
[scraper]   rawOffset: 503
[scraper]   ans: 503,38;
[scraper] Step 6: generateCollect
[scraper]   Chrome profile: 60 cd fields (canonical 59, reordered via 60-slot cdFieldOrder)
[scraper]   collect length: 6392
[scraper] Fetching vm-slide from show page HTML: https://t.captcha.qq.com/vm-slide.e201876f.enc.js
[scraper]   Got live vm-slide (43688 chars)
[scraper] Step 7a: caplog pre-verify beacon
[scraper] Step 7: buildVDataForPost (standalone, browser profile)
[scraper]   vData: -Iq3xF474Ut2Kc98LMr5FqdST7f5l5...
[scraper] Step 8: verify
  [verify] using jQuery prebuilt body, length: 8177
  [verify] Referer: https://t.captcha.qq.com/cap_union_new_show?aid=2046626881&protocol=https&accver...
[scraper]   errorCode: 12, ticket: none
[scraper] Step 9: caplog post-verify beacon
[scraper]   Failed with errorCode 12, retrying...
[scraper] Attempt 2/3
[scraper] Step 1: prehandle
[scraper]   sess: s1ukpqa03dJ2UOZA8D4J...
[scraper] Step 2: getSig
[scraper]   nonce: eda1152f11f1daf0
[scraper] Step 3: downloadImages
[scraper]   bg: 27940 bytes, slice: 8471 bytes
[scraper] Step 4: downloadTdc
[scraper]   tdc source: 129582 chars
[scraper] Step 4b: fetch tcaptcha-slide.js (HAR entry 6)
[scraper]   tcaptcha-slide.js fetched
[scraper]   TDC_NAME: XcabTONObCYZeEGNPRmPGBQbTmYKEAHj
[scraper]   Source hash: e6a45ba64d246f82
[scraper]   Template: unknown, opcodes: 98
[scraper]   eks: ZkTuO9mt4KJaU2j91jg/...
[scraper] Step 5: solveSlider
[scraper]   rawOffset: 481
[scraper]   ans: 481,38;
[scraper] Step 6: generateCollect
[scraper]   Chrome profile: 60 cd fields (canonical 59, reordered via 60-slot cdFieldOrder)
[scraper]   collect length: 6636
[scraper] Fetching vm-slide from show page HTML: https://t.captcha.qq.com/vm-slide.e201876f.enc.js
[scraper]   Got live vm-slide (43688 chars)
[scraper] Step 7a: caplog pre-verify beacon
[scraper] Step 7: buildVDataForPost (standalone, browser profile)
[scraper]   vData: eZRhh4slDEr7Wq7I-M6*lcUziXG4OV...
[scraper] Step 8: verify
  [verify] using jQuery prebuilt body, length: 8475
  [verify] Referer: https://t.captcha.qq.com/cap_union_new_show?aid=2046626881&protocol=https&accver...
[scraper]   errorCode: 12, ticket: none
[scraper] Step 9: caplog post-verify beacon
[scraper]   Failed with errorCode 12, retrying...
[scraper] Attempt 3/3
[scraper] Step 1: prehandle
[scraper]   sess: s1799t7E-qisORRlTsqw...
[scraper] Step 2: getSig
[scraper]   nonce: eda1152f11f1daf0
[scraper] Step 3: downloadImages
[scraper]   bg: 20591 bytes, slice: 6605 bytes
[scraper] Step 4: downloadTdc
[scraper]   tdc source: 161122 chars
[scraper] Step 4b: fetch tcaptcha-slide.js (HAR entry 6)
[scraper]   tcaptcha-slide.js fetched
[scraper]   TDC_NAME: gUbSKiHCiVNcdeXaKTECbTOEkdOclkcR
[scraper]   Source hash: 02fd132edb24a8c1
[scraper]   Template: C, opcodes: 100
[scraper]   eks: 4UXhi35PRg+qv176q7Yq...
[scraper] Step 5: solveSlider
[scraper]   rawOffset: 467
[scraper]   ans: 467,30;
[scraper] Step 6: generateCollect
[scraper]   Chrome profile: 60 cd fields (canonical 59, reordered via 60-slot cdFieldOrder)
[scraper]   collect length: 6392
[scraper] Fetching vm-slide from show page HTML: https://t.captcha.qq.com/vm-slide.e201876f.enc.js
[scraper]   Got live vm-slide (43688 chars)
[scraper] Step 7a: caplog pre-verify beacon
[scraper] Step 7: buildVDataForPost (standalone, browser profile)
[scraper]   vData: hUDp9UaRBR-7Ie3-6rhrvu-A11C1Jj...
[scraper] Step 8: verify
  [verify] using jQuery prebuilt body, length: 8168
  [verify] Referer: https://t.captcha.qq.com/cap_union_new_show?aid=2046626881&protocol=https&accver...
[scraper]   errorCode: 12, ticket: none
[scraper] Step 9: caplog post-verify beacon
[scraper]   Failed with errorCode 12, retrying...
[scraper] Attempt 3 failed: CAPTCHA verify returned errorCode 12
Error: CAPTCHA solve failed after 3 attempts: CAPTCHA verify returned errorCode 12
---
=== attempt 26/30 @ 2026-04-16T13:02:48Z ===
[scraper] Template cache loaded and seeded
[scraper] Default profile loaded
[scraper] jQuery source loaded (96410 chars)
[scraper] vm-slide fallback loaded (43688 chars)
[scraper] vData profile loaded from /home/ubun/github.com/tut1vog/reverse-chaosvm/profiles/vdata-browser-default.json
[scraper] Chrome fingerprint profile loaded (59 canonical fields)
[scraper] Init complete
[scraper] Solving CAPTCHA only (no urlsec query)
[scraper] Attempt 1/3
[scraper] Attempt 1/3
[scraper] Step 1: prehandle
[scraper]   sess: s1hxx6F1vHYLNwX2TG_U...
[scraper] Step 2: getSig
[scraper]   nonce: eda1152f11f1daf0
[scraper] Step 3: downloadImages
[scraper]   bg: 24822 bytes, slice: 6630 bytes
[scraper] Step 4: downloadTdc
[scraper]   tdc source: 144440 chars
[scraper] Step 4b: fetch tcaptcha-slide.js (HAR entry 6)
[scraper]   tcaptcha-slide.js fetched
[scraper]   TDC_NAME: SlVCfKSRjkmVXRnTigehmWSaDkeUUNfk
[scraper]   Source hash: e5341ccb12b78e65
[scraper]   Template: unknown, opcodes: 96
[scraper]   eks: 0UHcM77CP0B8GuUuXmWY...
[scraper] Step 5: solveSlider
[scraper]   rawOffset: 456
[scraper]   ans: 456,104;
[scraper] Step 6: generateCollect
[scraper]   Chrome profile: 60 cd fields (canonical 59, reordered via 60-slot cdFieldOrder)
[scraper]   collect length: 6560
[scraper] Fetching vm-slide from show page HTML: https://t.captcha.qq.com/vm-slide.e201876f.enc.js
[scraper]   Got live vm-slide (43688 chars)
[scraper] Step 7a: caplog pre-verify beacon
[scraper] Step 7: buildVDataForPost (standalone, browser profile)
[scraper]   vData: 9gjclaHB1smPnhH-PTHhIAX-OGX6yQ...
[scraper] Step 8: verify
  [verify] using jQuery prebuilt body, length: 8408
  [verify] Referer: https://t.captcha.qq.com/cap_union_new_show?aid=2046626881&protocol=https&accver...
[scraper]   errorCode: 12, ticket: none
[scraper] Step 9: caplog post-verify beacon
[scraper]   Failed with errorCode 12, retrying...
[scraper] Attempt 2/3
[scraper] Step 1: prehandle
[scraper]   sess: s1iALpsjsu2ehfUDl94l...
[scraper] Step 2: getSig
[scraper]   nonce: eda1152f11f1daf0
[scraper] Step 3: downloadImages
[scraper]   bg: 13713 bytes, slice: 5363 bytes
[scraper] Step 4: downloadTdc
[scraper]   tdc source: 129582 chars
[scraper] Step 4b: fetch tcaptcha-slide.js (HAR entry 6)
[scraper]   tcaptcha-slide.js fetched
[scraper]   TDC_NAME: XcabTONObCYZeEGNPRmPGBQbTmYKEAHj
[scraper]   Source hash: e6a45ba64d246f82
[scraper]   Template: unknown, opcodes: 98
[scraper]   eks: hQdPnhz0op7/cfnMsZOw...
[scraper] Step 5: solveSlider
[scraper]   rawOffset: 490
[scraper]   ans: 490,105;
[scraper] Step 6: generateCollect
[scraper]   Chrome profile: 60 cd fields (canonical 59, reordered via 60-slot cdFieldOrder)
[scraper]   collect length: 6368
[scraper] Fetching vm-slide from show page HTML: https://t.captcha.qq.com/vm-slide.e201876f.enc.js
[scraper]   Got live vm-slide (43688 chars)
[scraper] Step 7a: caplog pre-verify beacon
[scraper] Step 7: buildVDataForPost (standalone, browser profile)
[scraper]   vData: 1KlVChB_DztygdE_NI1Z09afoXmMyU...
[scraper] Step 8: verify
  [verify] using jQuery prebuilt body, length: 8179
  [verify] Referer: https://t.captcha.qq.com/cap_union_new_show?aid=2046626881&protocol=https&accver...
[scraper]   errorCode: 12, ticket: none
[scraper] Step 9: caplog post-verify beacon
[scraper]   Failed with errorCode 12, retrying...
[scraper] Attempt 3/3
[scraper] Step 1: prehandle
[scraper]   sess: s10mB17jpQOgLIKy_EtV...
[scraper] Step 2: getSig
[scraper]   nonce: eda1152f11f1daf0
[scraper] Step 3: downloadImages
[scraper]   bg: 11571 bytes, slice: 4993 bytes
[scraper] Step 4: downloadTdc
[scraper]   tdc source: 199611 chars
[scraper] Step 4b: fetch tcaptcha-slide.js (HAR entry 6)
[scraper]   tcaptcha-slide.js fetched
[scraper]   TDC_NAME: BGDfWkdQOJJJTnHCNCnZRJZJSeFRWONJ
[scraper]   Source hash: 3429444f324c6110
[scraper]   Template: unknown, opcodes: 91
[scraper]   eks: qH56FiSAFAA2dquSVMd6...
[scraper] Step 5: solveSlider
[scraper]   rawOffset: 494
[scraper]   ans: 494,87;
[scraper] Step 6: generateCollect
[scraper]   Chrome profile: 60 cd fields (canonical 59, reordered via 60-slot cdFieldOrder)
[scraper]   collect length: 6316
[scraper] Fetching vm-slide from show page HTML: https://t.captcha.qq.com/vm-slide.e201876f.enc.js
[scraper]   Got live vm-slide (43688 chars)
[scraper] Step 7a: caplog pre-verify beacon
[scraper] Step 7: buildVDataForPost (standalone, browser profile)
[scraper]   vData: 0TkWPIEtSyeh6b_242AL8U1-xOMHSS...
[scraper] Step 8: verify
  [verify] using jQuery prebuilt body, length: 8078
  [verify] Referer: https://t.captcha.qq.com/cap_union_new_show?aid=2046626881&protocol=https&accver...
[scraper]   errorCode: 12, ticket: none
[scraper] Step 9: caplog post-verify beacon
[scraper]   Failed with errorCode 12, retrying...
[scraper] Attempt 1 failed: CAPTCHA verify returned errorCode 12
[scraper] Attempt 2/3
[scraper] Attempt 1/3
[scraper] Step 1: prehandle
[scraper]   sess: s10awikj-fzzgpgZ75hy...
[scraper] Step 2: getSig
[scraper]   nonce: eda1152f11f1daf0
[scraper] Step 3: downloadImages
[scraper]   bg: 12423 bytes, slice: 4615 bytes
[scraper] Step 4: downloadTdc
[scraper]   tdc source: 197257 chars
[scraper] Step 4b: fetch tcaptcha-slide.js (HAR entry 6)
[scraper]   tcaptcha-slide.js fetched
[scraper]   TDC_NAME: FVgbJVJYTmGMFSCMcnTkYjmSFkYnESZF
[scraper]   Source hash: daf0c711ccb82124
[scraper]   Template: B, opcodes: 94
[scraper]   eks: HE45H1ojb1wpv1JgjN4h...
[scraper] Step 5: solveSlider
[scraper]   rawOffset: 497
[scraper]   ans: 497,158;
[scraper] Step 6: generateCollect
[scraper]   Chrome profile: 60 cd fields (canonical 59, reordered via 60-slot cdFieldOrder)
[scraper]   collect length: 6636
[scraper] Fetching vm-slide from show page HTML: https://t.captcha.qq.com/vm-slide.e201876f.enc.js
[scraper]   Got live vm-slide (43688 chars)
[scraper] Step 7a: caplog pre-verify beacon
[scraper] Step 7: buildVDataForPost (standalone, browser profile)
[scraper]   vData: ECSHPFI0yHS7SN382q5_K_m3tvpKb8...
[scraper] Step 8: verify
  [verify] using jQuery prebuilt body, length: 8404
  [verify] Referer: https://t.captcha.qq.com/cap_union_new_show?aid=2046626881&protocol=https&accver...
[scraper]   errorCode: 12, ticket: none
[scraper] Step 9: caplog post-verify beacon
[scraper]   Failed with errorCode 12, retrying...
[scraper] Attempt 2/3
[scraper] Step 1: prehandle
[scraper]   sess: s1wU_XReZoxNEmkanfQH...
[scraper] Step 2: getSig
[scraper]   nonce: eda1152f11f1daf0
[scraper] Step 3: downloadImages
[scraper]   bg: 13771 bytes, slice: 6313 bytes
[scraper] Step 4: downloadTdc
[scraper]   tdc source: 207422 chars
[scraper] Step 4b: fetch tcaptcha-slide.js (HAR entry 6)
[scraper]   tcaptcha-slide.js fetched
[scraper]   TDC_NAME: GCDJAPicKHeHfOBnnYMEdUgUkTnAhOFV
[scraper]   Source hash: 8f1d32beb4fcaa4d
[scraper]   Template: unknown, opcodes: 96
[scraper]   eks: 2zT5ieKLUBU9am0PgSlx...
[scraper] Step 5: solveSlider
[scraper]   rawOffset: 483
[scraper]   ans: 483,30;
[scraper] Step 6: generateCollect
[scraper]   Chrome profile: 60 cd fields (canonical 59, reordered via 60-slot cdFieldOrder)
[scraper]   collect length: 5760
[scraper] Fetching vm-slide from show page HTML: https://t.captcha.qq.com/vm-slide.e201876f.enc.js
[scraper]   Got live vm-slide (43688 chars)
[scraper] Step 7a: caplog pre-verify beacon
[scraper] Step 7: buildVDataForPost (standalone, browser profile)
[scraper]   vData: -Iq3xF474Ut2Kc98LMr5FjyFxQPzt6...
[scraper] Step 8: verify
  [verify] using jQuery prebuilt body, length: 7510
  [verify] Referer: https://t.captcha.qq.com/cap_union_new_show?aid=2046626881&protocol=https&accver...
[scraper]   errorCode: 12, ticket: none
[scraper] Step 9: caplog post-verify beacon
[scraper]   Failed with errorCode 12, retrying...
[scraper] Attempt 3/3
[scraper] Step 1: prehandle
[scraper]   sess: s1QjoM6qyRb2X_GZ28Bx...
[scraper] Step 2: getSig
[scraper]   nonce: eda1152f11f1daf0
[scraper] Step 3: downloadImages
[scraper]   bg: 11545 bytes, slice: 6015 bytes
[scraper] Step 4: downloadTdc
[scraper]   tdc source: 202765 chars
[scraper] Step 4b: fetch tcaptcha-slide.js (HAR entry 6)
[scraper]   tcaptcha-slide.js fetched
[scraper]   TDC_NAME: HhXakMGlnYKgNcBiVFZCDckSRgJKTmgA
[scraper]   Source hash: 27dda893f81dbc4f
[scraper]   Template: unknown, opcodes: 103
[scraper]   eks: H0NC05CkGBTH1i97rEkV...
[scraper] Step 5: solveSlider
[scraper]   rawOffset: 460
[scraper]   ans: 460,59;
[scraper] Step 6: generateCollect
[scraper]   Chrome profile: 60 cd fields (canonical 59, reordered via 60-slot cdFieldOrder)
[scraper]   collect length: 6016
[scraper] Fetching vm-slide from show page HTML: https://t.captcha.qq.com/vm-slide.e201876f.enc.js
[scraper]   Got live vm-slide (43688 chars)
[scraper] Step 7a: caplog pre-verify beacon
[scraper] Step 7: buildVDataForPost (standalone, browser profile)
[scraper]   vData: iJzWWSQA6AB3H1MgulBNIyEHjMh6eK...
[scraper] Step 8: verify
  [verify] using jQuery prebuilt body, length: 7764
  [verify] Referer: https://t.captcha.qq.com/cap_union_new_show?aid=2046626881&protocol=https&accver...
[scraper]   errorCode: 12, ticket: none
[scraper] Step 9: caplog post-verify beacon
[scraper]   Failed with errorCode 12, retrying...
[scraper] Attempt 2 failed: CAPTCHA verify returned errorCode 12
[scraper] Attempt 3/3
[scraper] Attempt 1/3
[scraper] Step 1: prehandle
[scraper]   sess: s1M2jEUjaSyTEZIn46Z_...
[scraper] Step 2: getSig
[scraper]   nonce: eda1152f11f1daf0
[scraper] Step 3: downloadImages
[scraper]   bg: 22020 bytes, slice: 7581 bytes
[scraper] Step 4: downloadTdc
[scraper]   tdc source: 203186 chars
[scraper] Step 4b: fetch tcaptcha-slide.js (HAR entry 6)
[scraper]   tcaptcha-slide.js fetched
[scraper]   TDC_NAME: UAniMSgbcnMTPUjjGcEVEnBCQgkKHVWS
[scraper]   Source hash: 88ebeea62f566ec5
[scraper]   Source hash not in cache — attempting auto-port via pipeline...
[scraper] Auto-porting unknown template: 88ebeea62f566ec5
[scraper] Auto-port failed for 88ebeea62f566ec5: Command failed: /home/ubun/.nvm/versions/node/v22.17.0/bin/node /home/ubun/github.com/tut1vog/reverse-chaosvm/tools/porting-pipeline/run.js /tmp/tdc-autoport-88ebeea62f566ec5.js --skip-verify

[scraper]   Error: Unknown template (hash=88ebeea62f566ec5), auto-port failed
[scraper] Attempt 2/3
[scraper] Step 1: prehandle
[scraper]   sess: s1C1Yg676Mw5SaWutCOJ...
[scraper] Step 2: getSig
[scraper]   nonce: eda1152f11f1daf0
[scraper] Step 3: downloadImages
[scraper]   bg: 13707 bytes, slice: 5375 bytes
[scraper] Step 4: downloadTdc
[scraper]   tdc source: 144440 chars
[scraper] Step 4b: fetch tcaptcha-slide.js (HAR entry 6)
[scraper]   tcaptcha-slide.js fetched
[scraper]   TDC_NAME: SlVCfKSRjkmVXRnTigehmWSaDkeUUNfk
[scraper]   Source hash: e5341ccb12b78e65
[scraper]   Template: unknown, opcodes: 96
[scraper]   eks: zIUr0xJYLhcoItA916WT...
[scraper] Step 5: solveSlider
[scraper]   rawOffset: 535
[scraper]   ans: 535,158;
[scraper] Step 6: generateCollect
[scraper]   Chrome profile: 60 cd fields (canonical 59, reordered via 60-slot cdFieldOrder)
[scraper]   collect length: 6072
[scraper] Fetching vm-slide from show page HTML: https://t.captcha.qq.com/vm-slide.e201876f.enc.js
[scraper]   Got live vm-slide (43688 chars)
[scraper] Step 7a: caplog pre-verify beacon
[scraper] Step 7: buildVDataForPost (standalone, browser profile)
[scraper]   vData: ed0FNEDmGsgjfhnCwiBahHLln7UM_j...
[scraper] Step 8: verify
  [verify] using jQuery prebuilt body, length: 7906
  [verify] Referer: https://t.captcha.qq.com/cap_union_new_show?aid=2046626881&protocol=https&accver...
[scraper]   errorCode: 12, ticket: none
[scraper] Step 9: caplog post-verify beacon
[scraper]   Failed with errorCode 12, retrying...
[scraper] Attempt 3/3
[scraper] Step 1: prehandle
[scraper]   sess: s1cNrJSU03nxEtjN4ouh...
[scraper] Step 2: getSig
[scraper]   nonce: eda1152f11f1daf0
[scraper] Step 3: downloadImages
[scraper]   bg: 20472 bytes, slice: 7143 bytes
[scraper] Step 4: downloadTdc
[scraper]   tdc source: 202765 chars
[scraper] Step 4b: fetch tcaptcha-slide.js (HAR entry 6)
[scraper]   tcaptcha-slide.js fetched
[scraper]   TDC_NAME: HhXakMGlnYKgNcBiVFZCDckSRgJKTmgA
[scraper]   Source hash: 27dda893f81dbc4f
[scraper]   Template: unknown, opcodes: 103
[scraper]   eks: eeP/m7OgKDdNF5Fvz/Gt...
[scraper] Step 5: solveSlider
[scraper]   rawOffset: 480
[scraper]   ans: 480,83;
[scraper] Step 6: generateCollect
[scraper]   Chrome profile: 60 cd fields (canonical 59, reordered via 60-slot cdFieldOrder)
[scraper]   collect length: 6144
[scraper] Fetching vm-slide from show page HTML: https://t.captcha.qq.com/vm-slide.e201876f.enc.js
[scraper]   Got live vm-slide (43688 chars)
[scraper] Step 7a: caplog pre-verify beacon
[scraper] Step 7: buildVDataForPost (standalone, browser profile)
[scraper]   vData: jk7qmOeXdZaO-Sqk-B9yjfS*y0lX4T...
[scraper] Step 8: verify
  [verify] using jQuery prebuilt body, length: 7949
  [verify] Referer: https://t.captcha.qq.com/cap_union_new_show?aid=2046626881&protocol=https&accver...
[scraper]   errorCode: 12, ticket: none
[scraper] Step 9: caplog post-verify beacon
[scraper]   Failed with errorCode 12, retrying...
[scraper] Attempt 3 failed: CAPTCHA verify returned errorCode 12
Error: CAPTCHA solve failed after 3 attempts: CAPTCHA verify returned errorCode 12
---
=== attempt 27/30 @ 2026-04-16T13:02:59Z ===
[scraper] Template cache loaded and seeded
[scraper] Default profile loaded
[scraper] jQuery source loaded (96410 chars)
[scraper] vm-slide fallback loaded (43688 chars)
[scraper] vData profile loaded from /home/ubun/github.com/tut1vog/reverse-chaosvm/profiles/vdata-browser-default.json
[scraper] Chrome fingerprint profile loaded (59 canonical fields)
[scraper] Init complete
[scraper] Solving CAPTCHA only (no urlsec query)
[scraper] Attempt 1/3
[scraper] Attempt 1/3
[scraper] Step 1: prehandle
[scraper]   sess: s1wsTQXBdlSQAkQRAJtS...
[scraper] Step 2: getSig
[scraper]   nonce: eda1152f11f1daf0
[scraper] Step 3: downloadImages
[scraper]   bg: 20572 bytes, slice: 6700 bytes
[scraper] Step 4: downloadTdc
[scraper]   tdc source: 144440 chars
[scraper] Step 4b: fetch tcaptcha-slide.js (HAR entry 6)
[scraper]   tcaptcha-slide.js fetched
[scraper]   TDC_NAME: SlVCfKSRjkmVXRnTigehmWSaDkeUUNfk
[scraper]   Source hash: e5341ccb12b78e65
[scraper]   Template: unknown, opcodes: 96
[scraper]   eks: hjsNBR6Unoya+exbGeY2...
[scraper] Step 5: solveSlider
[scraper]   rawOffset: 482
[scraper]   ans: 482,39;
[scraper] Step 6: generateCollect
[scraper]   Chrome profile: 60 cd fields (canonical 59, reordered via 60-slot cdFieldOrder)
[scraper]   collect length: 6392
[scraper] Fetching vm-slide from show page HTML: https://t.captcha.qq.com/vm-slide.e201876f.enc.js
[scraper]   Got live vm-slide (43688 chars)
[scraper] Step 7a: caplog pre-verify beacon
[scraper] Step 7: buildVDataForPost (standalone, browser profile)
[scraper]   vData: o0cBBvo6XHuuBrpqpQJrbBm3tvpKb8...
[scraper] Step 8: verify
  [verify] using jQuery prebuilt body, length: 8217
  [verify] Referer: https://t.captcha.qq.com/cap_union_new_show?aid=2046626881&protocol=https&accver...
[scraper]   errorCode: 12, ticket: none
[scraper] Step 9: caplog post-verify beacon
[scraper]   Failed with errorCode 12, retrying...
[scraper] Attempt 2/3
[scraper] Step 1: prehandle
[scraper]   sess: s1X_bwech56Cutf4DsOv...
[scraper] Step 2: getSig
[scraper]   nonce: eda1152f11f1daf0
[scraper] Step 3: downloadImages
[scraper]   bg: 20631 bytes, slice: 6767 bytes
[scraper] Step 4: downloadTdc
[scraper]   tdc source: 197257 chars
[scraper] Step 4b: fetch tcaptcha-slide.js (HAR entry 6)
[scraper]   tcaptcha-slide.js fetched
[scraper]   TDC_NAME: FVgbJVJYTmGMFSCMcnTkYjmSFkYnESZF
[scraper]   Source hash: daf0c711ccb82124
[scraper]   Template: B, opcodes: 94
[scraper]   eks: ped7qiWlhmwqn0hWG92Y...
[scraper] Step 5: solveSlider
[scraper]   rawOffset: 452
[scraper]   ans: 452,30;
[scraper] Step 6: generateCollect
[scraper]   Chrome profile: 60 cd fields (canonical 59, reordered via 60-slot cdFieldOrder)
[scraper]   collect length: 6528
[scraper] Fetching vm-slide from show page HTML: https://t.captcha.qq.com/vm-slide.e201876f.enc.js
[scraper]   Got live vm-slide (43688 chars)
[scraper] Step 7a: caplog pre-verify beacon
[scraper] Step 7: buildVDataForPost (standalone, browser profile)
[scraper]   vData: VueBKpkQNbhk8PJ_PeBGUD-dqbjpqT...
[scraper] Step 8: verify
  [verify] using jQuery prebuilt body, length: 8305
  [verify] Referer: https://t.captcha.qq.com/cap_union_new_show?aid=2046626881&protocol=https&accver...
[scraper]   errorCode: 12, ticket: none
[scraper] Step 9: caplog post-verify beacon
[scraper]   Failed with errorCode 12, retrying...
[scraper] Attempt 3/3
[scraper] Step 1: prehandle
[scraper]   sess: s1l_aTojay8Zo9HcuyPp...
[scraper] Step 2: getSig
[scraper]   nonce: eda1152f11f1daf0
[scraper] Step 3: downloadImages
[scraper]   bg: 12434 bytes, slice: 4652 bytes
[scraper] Step 4: downloadTdc
[scraper]   tdc source: 162790 chars
[scraper] Step 4b: fetch tcaptcha-slide.js (HAR entry 6)
[scraper]   tcaptcha-slide.js fetched
[scraper]   TDC_NAME: DkPDkCnAekYMgVghTDOeSKmVZbkVCQUG
[scraper]   Source hash: e2170903e201e018
[scraper]   Template: unknown, opcodes: 93
[scraper]   eks: 30PBiMTdvffnAMm0233J...
[scraper] Step 5: solveSlider
[scraper]   rawOffset: 520
[scraper]   ans: 520,150;
[scraper] Step 6: generateCollect
[scraper]   Chrome profile: 60 cd fields (canonical 59, reordered via 60-slot cdFieldOrder)
[scraper]   collect length: 6464
[scraper] Fetching vm-slide from show page HTML: https://t.captcha.qq.com/vm-slide.e201876f.enc.js
[scraper]   Got live vm-slide (43688 chars)
[scraper] Step 7a: caplog pre-verify beacon
[scraper] Step 7: buildVDataForPost (standalone, browser profile)
[scraper]   vData: 7MjK5yGovGjw1scdQ6-F-3ObUud18W...
[scraper] Step 8: verify
  [verify] using jQuery prebuilt body, length: 8228
  [verify] Referer: https://t.captcha.qq.com/cap_union_new_show?aid=2046626881&protocol=https&accver...
[scraper]   errorCode: 12, ticket: none
[scraper] Step 9: caplog post-verify beacon
[scraper]   Failed with errorCode 12, retrying...
[scraper] Attempt 1 failed: CAPTCHA verify returned errorCode 12
[scraper] Attempt 2/3
[scraper] Attempt 1/3
[scraper] Step 1: prehandle
[scraper]   sess: s1cVxf5Wp0l2sYp1J7L2...
[scraper] Step 2: getSig
[scraper]   nonce: eda1152f11f1daf0
[scraper] Step 3: downloadImages
[scraper]   bg: 20630 bytes, slice: 6474 bytes
[scraper] Step 4: downloadTdc
[scraper]   tdc source: 197257 chars
[scraper] Step 4b: fetch tcaptcha-slide.js (HAR entry 6)
[scraper]   tcaptcha-slide.js fetched
[scraper]   TDC_NAME: FVgbJVJYTmGMFSCMcnTkYjmSFkYnESZF
[scraper]   Source hash: daf0c711ccb82124
[scraper]   Template: B, opcodes: 94
[scraper]   eks: tP8fp+w5wLMfLGrVNc7k...
[scraper] Step 5: solveSlider
[scraper]   rawOffset: 461
[scraper]   ans: 461,48;
[scraper] Step 6: generateCollect
[scraper]   Chrome profile: 60 cd fields (canonical 59, reordered via 60-slot cdFieldOrder)
[scraper]   collect length: 6296
[scraper] Fetching vm-slide from show page HTML: https://t.captcha.qq.com/vm-slide.e201876f.enc.js
[scraper]   Got live vm-slide (43688 chars)
[scraper] Step 7a: caplog pre-verify beacon
[scraper] Step 7: buildVDataForPost (standalone, browser profile)
[scraper]   vData: -Iq3xF474Ut2Kc98LMr5FfinmZQ2OX...
[scraper] Step 8: verify
  [verify] using jQuery prebuilt body, length: 8069
  [verify] Referer: https://t.captcha.qq.com/cap_union_new_show?aid=2046626881&protocol=https&accver...
[scraper]   errorCode: 12, ticket: none
[scraper] Step 9: caplog post-verify beacon
[scraper]   Failed with errorCode 12, retrying...
[scraper] Attempt 2/3
[scraper] Step 1: prehandle
[scraper]   sess: s1p7NPa7Kb4ycw79v-Qu...
[scraper] Step 2: getSig
[scraper]   nonce: eda1152f11f1daf0
[scraper] Step 3: downloadImages
[scraper]   bg: 15365 bytes, slice: 4772 bytes
[scraper] Step 4: downloadTdc
[scraper]   tdc source: 144440 chars
[scraper] Step 4b: fetch tcaptcha-slide.js (HAR entry 6)
[scraper]   tcaptcha-slide.js fetched
[scraper]   TDC_NAME: SlVCfKSRjkmVXRnTigehmWSaDkeUUNfk
[scraper]   Source hash: e5341ccb12b78e65
[scraper]   Template: unknown, opcodes: 96
[scraper]   eks: tUPVEPAcQKl6XLkqiWB/...
[scraper] Step 5: solveSlider
[scraper]   rawOffset: 471
[scraper]   ans: 471,70;
[scraper] Step 6: generateCollect
[scraper]   Chrome profile: 60 cd fields (canonical 59, reordered via 60-slot cdFieldOrder)
[scraper]   collect length: 6412
[scraper] Fetching vm-slide from show page HTML: https://t.captcha.qq.com/vm-slide.e201876f.enc.js
[scraper]   Got live vm-slide (43688 chars)
[scraper] Step 7a: caplog pre-verify beacon
[scraper] Step 7: buildVDataForPost (standalone, browser profile)
[scraper]   vData: -Iq3xF474Ut2Kc98LMr5F3X0cQihFa...
[scraper] Step 8: verify
  [verify] using jQuery prebuilt body, length: 8247
  [verify] Referer: https://t.captcha.qq.com/cap_union_new_show?aid=2046626881&protocol=https&accver...
[scraper]   errorCode: 12, ticket: none
[scraper] Step 9: caplog post-verify beacon
[scraper]   Failed with errorCode 12, retrying...
[scraper] Attempt 3/3
[scraper] Step 1: prehandle
[scraper]   sess: s1cBERjgWhnjBfdfKJyE...
[scraper] Step 2: getSig
[scraper]   nonce: eda1152f11f1daf0
[scraper] Step 3: downloadImages
[scraper]   bg: 20410 bytes, slice: 7868 bytes
[scraper] Step 4: downloadTdc
[scraper]   tdc source: 203186 chars
[scraper] Step 4b: fetch tcaptcha-slide.js (HAR entry 6)
[scraper]   tcaptcha-slide.js fetched
[scraper]   TDC_NAME: UAniMSgbcnMTPUjjGcEVEnBCQgkKHVWS
[scraper]   Source hash: 88ebeea62f566ec5
[scraper]   Source hash not in cache — attempting auto-port via pipeline...
[scraper] Auto-porting unknown template: 88ebeea62f566ec5
[scraper] Auto-port failed for 88ebeea62f566ec5: Command failed: /home/ubun/.nvm/versions/node/v22.17.0/bin/node /home/ubun/github.com/tut1vog/reverse-chaosvm/tools/porting-pipeline/run.js /tmp/tdc-autoport-88ebeea62f566ec5.js --skip-verify

[scraper]   Error: Unknown template (hash=88ebeea62f566ec5), auto-port failed
[scraper] Attempt 2 failed: Unknown template (hash=88ebeea62f566ec5), auto-port failed
[scraper] Attempt 3/3
[scraper] Attempt 1/3
[scraper] Step 1: prehandle
[scraper]   sess: s1cXoCEzkv9I_sPkK0Rw...
[scraper] Step 2: getSig
[scraper]   nonce: eda1152f11f1daf0
[scraper] Step 3: downloadImages
[scraper]   bg: 20473 bytes, slice: 7069 bytes
[scraper] Step 4: downloadTdc
[scraper]   tdc source: 144440 chars
[scraper] Step 4b: fetch tcaptcha-slide.js (HAR entry 6)
[scraper]   tcaptcha-slide.js fetched
[scraper]   TDC_NAME: SlVCfKSRjkmVXRnTigehmWSaDkeUUNfk
[scraper]   Source hash: e5341ccb12b78e65
[scraper]   Template: unknown, opcodes: 96
[scraper]   eks: l3fKSvc2sQ7LrJuozqCm...
[scraper] Step 5: solveSlider
[scraper]   rawOffset: 471
[scraper]   ans: 471,70;
[scraper] Step 6: generateCollect
[scraper]   Chrome profile: 60 cd fields (canonical 59, reordered via 60-slot cdFieldOrder)
[scraper]   collect length: 6336
[scraper] Fetching vm-slide from show page HTML: https://t.captcha.qq.com/vm-slide.e201876f.enc.js
[scraper]   Got live vm-slide (43688 chars)
[scraper] Step 7a: caplog pre-verify beacon
[scraper] Step 7: buildVDataForPost (standalone, browser profile)
[scraper]   vData: 6cvQlh92lveLjaCMPyOZ5dSeThKc8B...
[scraper] Step 8: verify
  [verify] using jQuery prebuilt body, length: 8199
  [verify] Referer: https://t.captcha.qq.com/cap_union_new_show?aid=2046626881&protocol=https&accver...
[scraper]   errorCode: 12, ticket: none
[scraper] Step 9: caplog post-verify beacon
[scraper]   Failed with errorCode 12, retrying...
[scraper] Attempt 2/3
[scraper] Step 1: prehandle
[scraper]   sess: s1DoK6at7q1q68RswJHq...
[scraper] Step 2: getSig
[scraper]   nonce: eda1152f11f1daf0
[scraper] Step 3: downloadImages
[scraper]   bg: 15345 bytes, slice: 4943 bytes
[scraper] Step 4: downloadTdc
[scraper]   tdc source: 197545 chars
[scraper] Step 4b: fetch tcaptcha-slide.js (HAR entry 6)
[scraper]   tcaptcha-slide.js fetched
[scraper]   TDC_NAME: dNiffQDBnfBhFYVHJUXMVbRchmDEmPaH
[scraper]   Source hash: f53142c54fc43699
[scraper]   Source hash not in cache — attempting auto-port via pipeline...
[scraper] Auto-porting unknown template: f53142c54fc43699
[scraper] Auto-port failed for f53142c54fc43699: Command failed: /home/ubun/.nvm/versions/node/v22.17.0/bin/node /home/ubun/github.com/tut1vog/reverse-chaosvm/tools/porting-pipeline/run.js /tmp/tdc-autoport-f53142c54fc43699.js --skip-verify

[scraper]   Error: Unknown template (hash=f53142c54fc43699), auto-port failed
[scraper] Attempt 3/3
[scraper] Step 1: prehandle
[scraper]   sess: s1xy4Ikzb3c2dvlKWHDu...
[scraper] Step 2: getSig
[scraper]   nonce: eda1152f11f1daf0
[scraper] Step 3: downloadImages
[scraper]   bg: 11520 bytes, slice: 6080 bytes
[scraper] Step 4: downloadTdc
[scraper]   tdc source: 144440 chars
[scraper] Step 4b: fetch tcaptcha-slide.js (HAR entry 6)
[scraper]   tcaptcha-slide.js fetched
[scraper]   TDC_NAME: SlVCfKSRjkmVXRnTigehmWSaDkeUUNfk
[scraper]   Source hash: e5341ccb12b78e65
[scraper]   Template: unknown, opcodes: 96
[scraper]   eks: b+ywEutMNZ0WHWy5gayv...
[scraper] Step 5: solveSlider
[scraper]   rawOffset: 470
[scraper]   ans: 470,30;
[scraper] Step 6: generateCollect
[scraper]   Chrome profile: 60 cd fields (canonical 59, reordered via 60-slot cdFieldOrder)
[scraper]   collect length: 6284
[scraper] Fetching vm-slide from show page HTML: https://t.captcha.qq.com/vm-slide.e201876f.enc.js
[scraper]   Got live vm-slide (43688 chars)
[scraper] Step 7a: caplog pre-verify beacon
[scraper] Step 7: buildVDataForPost (standalone, browser profile)
[scraper]   vData: -Iq3xF474Ut2Kc98LMr5FTMa_Gqqz0...
[scraper] Step 8: verify
  [verify] using jQuery prebuilt body, length: 8098
  [verify] Referer: https://t.captcha.qq.com/cap_union_new_show?aid=2046626881&protocol=https&accver...
[scraper]   errorCode: 12, ticket: none
[scraper] Step 9: caplog post-verify beacon
[scraper]   Failed with errorCode 12, retrying...
[scraper] Attempt 3 failed: CAPTCHA verify returned errorCode 12
Error: CAPTCHA solve failed after 3 attempts: CAPTCHA verify returned errorCode 12
---
=== attempt 28/30 @ 2026-04-16T13:03:10Z ===
[scraper] Template cache loaded and seeded
[scraper] Default profile loaded
[scraper] jQuery source loaded (96410 chars)
[scraper] vm-slide fallback loaded (43688 chars)
[scraper] vData profile loaded from /home/ubun/github.com/tut1vog/reverse-chaosvm/profiles/vdata-browser-default.json
[scraper] Chrome fingerprint profile loaded (59 canonical fields)
[scraper] Init complete
[scraper] Solving CAPTCHA only (no urlsec query)
[scraper] Attempt 1/3
[scraper] Attempt 1/3
[scraper] Step 1: prehandle
[scraper]   sess: s1is1CQn67MOuqlyOLCB...
[scraper] Step 2: getSig
[scraper]   nonce: eda1152f11f1daf0
[scraper] Step 3: downloadImages
[scraper]   bg: 22249 bytes, slice: 6734 bytes
[scraper] Step 4: downloadTdc
[scraper]   tdc source: 161122 chars
[scraper] Step 4b: fetch tcaptcha-slide.js (HAR entry 6)
[scraper]   tcaptcha-slide.js fetched
[scraper]   TDC_NAME: gUbSKiHCiVNcdeXaKTECbTOEkdOclkcR
[scraper]   Source hash: 02fd132edb24a8c1
[scraper]   Template: C, opcodes: 100
[scraper]   eks: x727IdByP17iS8k7wsAr...
[scraper] Step 5: solveSlider
[scraper]   rawOffset: 492
[scraper]   ans: 492,30;
[scraper] Step 6: generateCollect
[scraper]   Chrome profile: 60 cd fields (canonical 59, reordered via 60-slot cdFieldOrder)
[scraper]   collect length: 6444
[scraper] Fetching vm-slide from show page HTML: https://t.captcha.qq.com/vm-slide.e201876f.enc.js
[scraper]   Got live vm-slide (43688 chars)
[scraper] Step 7a: caplog pre-verify beacon
[scraper] Step 7: buildVDataForPost (standalone, browser profile)
[scraper]   vData: UwZkC2JeiN-*BlyMSmQFvGCnQgZsLT...
[scraper] Step 8: verify
  [verify] using jQuery prebuilt body, length: 8255
  [verify] Referer: https://t.captcha.qq.com/cap_union_new_show?aid=2046626881&protocol=https&accver...
[scraper]   errorCode: 12, ticket: none
[scraper] Step 9: caplog post-verify beacon
[scraper]   Failed with errorCode 12, retrying...
[scraper] Attempt 2/3
[scraper] Step 1: prehandle
[scraper]   sess: s1tDk6ZaoNpgRZY6i-mS...
[scraper] Step 2: getSig
[scraper]   nonce: eda1152f11f1daf0
[scraper] Step 3: downloadImages
[scraper]   bg: 15474 bytes, slice: 3876 bytes
[scraper] Step 4: downloadTdc
[scraper]   tdc source: 144440 chars
[scraper] Step 4b: fetch tcaptcha-slide.js (HAR entry 6)
[scraper]   tcaptcha-slide.js fetched
[scraper]   TDC_NAME: SlVCfKSRjkmVXRnTigehmWSaDkeUUNfk
[scraper]   Source hash: e5341ccb12b78e65
[scraper]   Template: unknown, opcodes: 96
[scraper]   eks: S4ZkK/senDkJNBS8V3z1...
[scraper] Step 5: solveSlider
[scraper]   rawOffset: 496
[scraper]   ans: 496,30;
[scraper] Step 6: generateCollect
[scraper]   Chrome profile: 60 cd fields (canonical 59, reordered via 60-slot cdFieldOrder)
[scraper]   collect length: 6284
[scraper] Fetching vm-slide from show page HTML: https://t.captcha.qq.com/vm-slide.e201876f.enc.js
[scraper]   Got live vm-slide (43688 chars)
[scraper] Step 7a: caplog pre-verify beacon
[scraper] Step 7: buildVDataForPost (standalone, browser profile)
[scraper]   vData: -Iq3xF474Ut2Kc98LMr5FvK3kZkpZK...
[scraper] Step 8: verify
  [verify] using jQuery prebuilt body, length: 8130
  [verify] Referer: https://t.captcha.qq.com/cap_union_new_show?aid=2046626881&protocol=https&accver...
[scraper]   errorCode: 12, ticket: none
[scraper] Step 9: caplog post-verify beacon
[scraper]   Failed with errorCode 12, retrying...
[scraper] Attempt 3/3
[scraper] Step 1: prehandle
[scraper]   sess: s1trdcDkNQXQ-coXy-ji...
[scraper] Step 2: getSig
[scraper]   nonce: eda1152f11f1daf0
[scraper] Step 3: downloadImages
[scraper]   bg: 18030 bytes, slice: 5601 bytes
[scraper] Step 4: downloadTdc
[scraper]   tdc source: 197545 chars
[scraper] Step 4b: fetch tcaptcha-slide.js (HAR entry 6)
[scraper]   tcaptcha-slide.js fetched
[scraper]   TDC_NAME: dNiffQDBnfBhFYVHJUXMVbRchmDEmPaH
[scraper]   Source hash: f53142c54fc43699
[scraper]   Source hash not in cache — attempting auto-port via pipeline...
[scraper] Auto-porting unknown template: f53142c54fc43699
[scraper] Auto-port failed for f53142c54fc43699: Command failed: /home/ubun/.nvm/versions/node/v22.17.0/bin/node /home/ubun/github.com/tut1vog/reverse-chaosvm/tools/porting-pipeline/run.js /tmp/tdc-autoport-f53142c54fc43699.js --skip-verify

[scraper]   Error: Unknown template (hash=f53142c54fc43699), auto-port failed
[scraper] Attempt 1 failed: Unknown template (hash=f53142c54fc43699), auto-port failed
[scraper] Attempt 2/3
[scraper] Attempt 1/3
[scraper] Step 1: prehandle
[scraper]   sess: s13zVt3HlTt9tnP729EJ...
[scraper] Step 2: getSig
[scraper]   nonce: eda1152f11f1daf0
[scraper] Step 3: downloadImages
[scraper]   bg: 25435 bytes, slice: 5222 bytes
[scraper] Step 4: downloadTdc
[scraper]   tdc source: 129582 chars
[scraper] Step 4b: fetch tcaptcha-slide.js (HAR entry 6)
[scraper]   tcaptcha-slide.js fetched
[scraper]   TDC_NAME: XcabTONObCYZeEGNPRmPGBQbTmYKEAHj
[scraper]   Source hash: e6a45ba64d246f82
[scraper]   Template: unknown, opcodes: 98
[scraper]   eks: u+MXLGlW01f1bUiZfs0S...
[scraper] Step 5: solveSlider
[scraper]   rawOffset: 473
[scraper]   ans: 473,70;
[scraper] Step 6: generateCollect
[scraper]   Chrome profile: 60 cd fields (canonical 59, reordered via 60-slot cdFieldOrder)
[scraper]   collect length: 6028
[scraper] Fetching vm-slide from show page HTML: https://t.captcha.qq.com/vm-slide.e201876f.enc.js
[scraper]   Got live vm-slide (43688 chars)
[scraper] Step 7a: caplog pre-verify beacon
[scraper] Step 7: buildVDataForPost (standalone, browser profile)
[scraper]   vData: W4hcQalehU_qy-XCk0hWtstJeB7BvR...
[scraper] Step 8: verify
  [verify] using jQuery prebuilt body, length: 7810
  [verify] Referer: https://t.captcha.qq.com/cap_union_new_show?aid=2046626881&protocol=https&accver...
[scraper]   errorCode: 12, ticket: none
[scraper] Step 9: caplog post-verify beacon
[scraper]   Failed with errorCode 12, retrying...
[scraper] Attempt 2/3
[scraper] Step 1: prehandle
[scraper]   sess: s15BkrPm5WmyKNtjW6hf...
[scraper] Step 2: getSig
[scraper]   nonce: eda1152f11f1daf0
[scraper] Step 3: downloadImages
[scraper]   bg: 24846 bytes, slice: 6145 bytes
[scraper] Step 4: downloadTdc
[scraper]   tdc source: 197257 chars
[scraper] Step 4b: fetch tcaptcha-slide.js (HAR entry 6)
[scraper]   tcaptcha-slide.js fetched
[scraper]   TDC_NAME: FVgbJVJYTmGMFSCMcnTkYjmSFkYnESZF
[scraper]   Source hash: daf0c711ccb82124
[scraper]   Template: B, opcodes: 94
[scraper]   eks: qSQN0uqalG6+/ey+sSPT...
[scraper] Step 5: solveSlider
[scraper]   rawOffset: 473
[scraper]   ans: 473,102;
[scraper] Step 6: generateCollect
[scraper]   Chrome profile: 60 cd fields (canonical 59, reordered via 60-slot cdFieldOrder)
[scraper]   collect length: 6348
[scraper] Fetching vm-slide from show page HTML: https://t.captcha.qq.com/vm-slide.e201876f.enc.js
[scraper]   Got live vm-slide (43688 chars)
[scraper] Step 7a: caplog pre-verify beacon
[scraper] Step 7: buildVDataForPost (standalone, browser profile)
[scraper]   vData: dzVkp3XO*uHpXXxIkzflsLHBwadV0E...
[scraper] Step 8: verify
  [verify] using jQuery prebuilt body, length: 8140
  [verify] Referer: https://t.captcha.qq.com/cap_union_new_show?aid=2046626881&protocol=https&accver...
[scraper]   errorCode: 12, ticket: none
[scraper] Step 9: caplog post-verify beacon
[scraper]   Failed with errorCode 12, retrying...
[scraper] Attempt 3/3
[scraper] Step 1: prehandle
[scraper]   sess: s1eas45NURO7ORUMuIgI...
[scraper] Step 2: getSig
[scraper]   nonce: eda1152f11f1daf0
[scraper] Step 3: downloadImages
[scraper]   bg: 25374 bytes, slice: 4861 bytes
[scraper] Step 4: downloadTdc
[scraper]   tdc source: 197257 chars
[scraper] Step 4b: fetch tcaptcha-slide.js (HAR entry 6)
[scraper]   tcaptcha-slide.js fetched
[scraper]   TDC_NAME: FVgbJVJYTmGMFSCMcnTkYjmSFkYnESZF
[scraper]   Source hash: daf0c711ccb82124
[scraper]   Template: B, opcodes: 94
[scraper]   eks: yQ1LOZNRZe0FjiX7lmfI...
[scraper] Step 5: solveSlider
[scraper]   rawOffset: 478
[scraper]   ans: 478,48;
[scraper] Step 6: generateCollect
[scraper]   Chrome profile: 60 cd fields (canonical 59, reordered via 60-slot cdFieldOrder)
[scraper]   collect length: 6412
[scraper] Fetching vm-slide from show page HTML: https://t.captcha.qq.com/vm-slide.e201876f.enc.js
[scraper]   Got live vm-slide (43688 chars)
[scraper] Step 7a: caplog pre-verify beacon
[scraper] Step 7: buildVDataForPost (standalone, browser profile)
[scraper]   vData: 9yIv1GMZ-ooXnvFO4d*17K_pF9-uO9...
[scraper] Step 8: verify
  [verify] using jQuery prebuilt body, length: 8232
  [verify] Referer: https://t.captcha.qq.com/cap_union_new_show?aid=2046626881&protocol=https&accver...
[scraper]   errorCode: 12, ticket: none
[scraper] Step 9: caplog post-verify beacon
[scraper]   Failed with errorCode 12, retrying...
[scraper] Attempt 2 failed: CAPTCHA verify returned errorCode 12
[scraper] Attempt 3/3
[scraper] Attempt 1/3
[scraper] Step 1: prehandle
[scraper]   sess: s1px5cZUy36mhFpnRAgB...
[scraper] Step 2: getSig
[scraper]   nonce: eda1152f11f1daf0
[scraper] Step 3: downloadImages
[scraper]   bg: 27930 bytes, slice: 8278 bytes
[scraper] Step 4: downloadTdc
[scraper]   tdc source: 162790 chars
[scraper] Step 4b: fetch tcaptcha-slide.js (HAR entry 6)
[scraper]   tcaptcha-slide.js fetched
[scraper]   TDC_NAME: DkPDkCnAekYMgVghTDOeSKmVZbkVCQUG
[scraper]   Source hash: e2170903e201e018
[scraper]   Template: unknown, opcodes: 93
[scraper]   eks: qVrJzTl7pg/GuRAKd1st...
[scraper] Step 5: solveSlider
[scraper]   rawOffset: 497
[scraper]   ans: 497,58;
[scraper] Step 6: generateCollect
[scraper]   Chrome profile: 60 cd fields (canonical 59, reordered via 60-slot cdFieldOrder)
[scraper]   collect length: 6200
[scraper] Fetching vm-slide from show page HTML: https://t.captcha.qq.com/vm-slide.e201876f.enc.js
[scraper]   Got live vm-slide (43688 chars)
[scraper] Step 7a: caplog pre-verify beacon
[scraper] Step 7: buildVDataForPost (standalone, browser profile)
[scraper]   vData: RU_A7JQPdBER*r1DP3Gbjw1yyzQhxH...
[scraper] Step 8: verify
  [verify] using jQuery prebuilt body, length: 8007
  [verify] Referer: https://t.captcha.qq.com/cap_union_new_show?aid=2046626881&protocol=https&accver...
[scraper]   errorCode: 12, ticket: none
[scraper] Step 9: caplog post-verify beacon
[scraper]   Failed with errorCode 12, retrying...
[scraper] Attempt 2/3
[scraper] Step 1: prehandle
[scraper]   sess: s1QOvkIK0ob6ISLBwExx...
[scraper] Step 2: getSig
[scraper]   nonce: eda1152f11f1daf0
[scraper] Step 3: downloadImages
[scraper]   bg: 20601 bytes, slice: 6354 bytes
[scraper] Step 4: downloadTdc
[scraper]   tdc source: 197257 chars
[scraper] Step 4b: fetch tcaptcha-slide.js (HAR entry 6)
[scraper]   tcaptcha-slide.js fetched
[scraper]   TDC_NAME: FVgbJVJYTmGMFSCMcnTkYjmSFkYnESZF
[scraper]   Source hash: daf0c711ccb82124
[scraper]   Template: B, opcodes: 94
[scraper]   eks: wWNCTB3W5yr4oWTTsuuM...
[scraper] Step 5: solveSlider
[scraper]   rawOffset: 468
[scraper]   ans: 468,50;
[scraper] Step 6: generateCollect
[scraper]   Chrome profile: 60 cd fields (canonical 59, reordered via 60-slot cdFieldOrder)
[scraper]   collect length: 6136
[scraper] Fetching vm-slide from show page HTML: https://t.captcha.qq.com/vm-slide.e201876f.enc.js
[scraper]   Got live vm-slide (43688 chars)
[scraper] Step 7a: caplog pre-verify beacon
[scraper] Step 7: buildVDataForPost (standalone, browser profile)
[scraper]   vData: jk7qmOeXdZaO-Sqk-B9yj7auvtp0-I...
[scraper] Step 8: verify
  [verify] using jQuery prebuilt body, length: 7983
  [verify] Referer: https://t.captcha.qq.com/cap_union_new_show?aid=2046626881&protocol=https&accver...
[scraper]   errorCode: 12, ticket: none
[scraper] Step 9: caplog post-verify beacon
[scraper]   Failed with errorCode 12, retrying...
[scraper] Attempt 3/3
[scraper] Step 1: prehandle
[scraper]   sess: s1q5WQYmWsg28a3V3yJD...
[scraper] Step 2: getSig
[scraper]   nonce: eda1152f11f1daf0
[scraper] Step 3: downloadImages
[scraper]   bg: 13760 bytes, slice: 5786 bytes
[scraper] Step 4: downloadTdc
[scraper]   tdc source: 197257 chars
[scraper] Step 4b: fetch tcaptcha-slide.js (HAR entry 6)
[scraper]   tcaptcha-slide.js fetched
[scraper]   TDC_NAME: FVgbJVJYTmGMFSCMcnTkYjmSFkYnESZF
[scraper]   Source hash: daf0c711ccb82124
[scraper]   Template: B, opcodes: 94
[scraper]   eks: rDoTTympJUtjubh+Iuw3...
[scraper] Step 5: solveSlider
[scraper]   rawOffset: 499
[scraper]   ans: 499,30;
[scraper] Step 6: generateCollect
[scraper]   Chrome profile: 60 cd fields (canonical 59, reordered via 60-slot cdFieldOrder)
[scraper]   collect length: 6688
[scraper] Fetching vm-slide from show page HTML: https://t.captcha.qq.com/vm-slide.e201876f.enc.js
[scraper]   Got live vm-slide (43688 chars)
[scraper] Step 7a: caplog pre-verify beacon
[scraper] Step 7: buildVDataForPost (standalone, browser profile)
[scraper]   vData: VueBKpkQNbhk8PJ_PeBGUsDygdVqW6...
[scraper] Step 8: verify
  [verify] using jQuery prebuilt body, length: 8500
  [verify] Referer: https://t.captcha.qq.com/cap_union_new_show?aid=2046626881&protocol=https&accver...
[scraper]   errorCode: 12, ticket: none
[scraper] Step 9: caplog post-verify beacon
[scraper]   Failed with errorCode 12, retrying...
[scraper] Attempt 3 failed: CAPTCHA verify returned errorCode 12
Error: CAPTCHA solve failed after 3 attempts: CAPTCHA verify returned errorCode 12
---
=== attempt 29/30 @ 2026-04-16T13:03:20Z ===
[scraper] Template cache loaded and seeded
[scraper] Default profile loaded
[scraper] jQuery source loaded (96410 chars)
[scraper] vm-slide fallback loaded (43688 chars)
[scraper] vData profile loaded from /home/ubun/github.com/tut1vog/reverse-chaosvm/profiles/vdata-browser-default.json
[scraper] Chrome fingerprint profile loaded (59 canonical fields)
[scraper] Init complete
[scraper] Solving CAPTCHA only (no urlsec query)
[scraper] Attempt 1/3
[scraper] Attempt 1/3
[scraper] Step 1: prehandle
[scraper]   sess: s1Y-D2LIhkp1rYB_pz60...
[scraper] Step 2: getSig
[scraper]   nonce: eda1152f11f1daf0
[scraper] Step 3: downloadImages
[scraper]   bg: 18165 bytes, slice: 6054 bytes
[scraper] Step 4: downloadTdc
[scraper]   tdc source: 199611 chars
[scraper] Step 4b: fetch tcaptcha-slide.js (HAR entry 6)
[scraper]   tcaptcha-slide.js fetched
[scraper]   TDC_NAME: BGDfWkdQOJJJTnHCNCnZRJZJSeFRWONJ
[scraper]   Source hash: 3429444f324c6110
[scraper]   Template: unknown, opcodes: 91
[scraper]   eks: HTMNRqBbVrYPV1wni+La...
[scraper] Step 5: solveSlider
[scraper]   rawOffset: 538
[scraper]   ans: 538,85;
[scraper] Step 6: generateCollect
[scraper]   Chrome profile: 60 cd fields (canonical 59, reordered via 60-slot cdFieldOrder)
[scraper]   collect length: 6476
[scraper] Fetching vm-slide from show page HTML: https://t.captcha.qq.com/vm-slide.e201876f.enc.js
[scraper]   Got live vm-slide (43688 chars)
[scraper] Step 7a: caplog pre-verify beacon
[scraper] Step 7: buildVDataForPost (standalone, browser profile)
[scraper]   vData: hUDp9UaRBR-7Ie3-6rhrvu-A11C1Jj...
[scraper] Step 8: verify
  [verify] using jQuery prebuilt body, length: 8283
  [verify] Referer: https://t.captcha.qq.com/cap_union_new_show?aid=2046626881&protocol=https&accver...
[scraper]   errorCode: 12, ticket: none
[scraper] Step 9: caplog post-verify beacon
[scraper]   Failed with errorCode 12, retrying...
[scraper] Attempt 2/3
[scraper] Step 1: prehandle
[scraper]   sess: s1xTrpaSTnnfbYttXoff...
[scraper] Step 2: getSig
[scraper]   nonce: eda1152f11f1daf0
[scraper] Step 3: downloadImages
[scraper]   bg: 13681 bytes, slice: 5969 bytes
[scraper] Step 4: downloadTdc
[scraper]   tdc source: 161122 chars
[scraper] Step 4b: fetch tcaptcha-slide.js (HAR entry 6)
[scraper]   tcaptcha-slide.js fetched
[scraper]   TDC_NAME: gUbSKiHCiVNcdeXaKTECbTOEkdOclkcR
[scraper]   Source hash: 02fd132edb24a8c1
[scraper]   Template: C, opcodes: 100
[scraper]   eks: n/NbXlfdkzl/NnNZYwlh...
[scraper] Step 5: solveSlider
[scraper]   rawOffset: 450
[scraper]   ans: 450,32;
[scraper] Step 6: generateCollect
[scraper]   Chrome profile: 60 cd fields (canonical 59, reordered via 60-slot cdFieldOrder)
[scraper]   collect length: 6496
[scraper] Fetching vm-slide from show page HTML: https://t.captcha.qq.com/vm-slide.e201876f.enc.js
[scraper]   Got live vm-slide (43688 chars)
[scraper] Step 7a: caplog pre-verify beacon
[scraper] Step 7: buildVDataForPost (standalone, browser profile)
[scraper]   vData: RU_A7JQPdBER*r1DP3GbjERVipGvs*...
[scraper] Step 8: verify
  [verify] using jQuery prebuilt body, length: 8235
  [verify] Referer: https://t.captcha.qq.com/cap_union_new_show?aid=2046626881&protocol=https&accver...
[scraper]   errorCode: 12, ticket: none
[scraper] Step 9: caplog post-verify beacon
[scraper]   Failed with errorCode 12, retrying...
[scraper] Attempt 3/3
[scraper] Step 1: prehandle
[scraper]   sess: s1JBmuXao-qC9QA_oztG...
[scraper] Step 2: getSig
[scraper]   nonce: eda1152f11f1daf0
[scraper] Step 3: downloadImages
[scraper]   bg: 27834 bytes, slice: 9564 bytes
[scraper] Step 4: downloadTdc
[scraper]   tdc source: 197257 chars
[scraper] Step 4b: fetch tcaptcha-slide.js (HAR entry 6)
[scraper]   tcaptcha-slide.js fetched
[scraper]   TDC_NAME: FVgbJVJYTmGMFSCMcnTkYjmSFkYnESZF
[scraper]   Source hash: daf0c711ccb82124
[scraper]   Template: B, opcodes: 94
[scraper]   eks: dAc29YrT+NUdXTmaK0qM...
[scraper] Step 5: solveSlider
[scraper]   rawOffset: 384
[scraper]   ans: 384,30;
[scraper] Step 6: generateCollect
[scraper]   Chrome profile: 60 cd fields (canonical 59, reordered via 60-slot cdFieldOrder)
[scraper]   collect length: 6400
[scraper] Fetching vm-slide from show page HTML: https://t.captcha.qq.com/vm-slide.e201876f.enc.js
[scraper]   Got live vm-slide (43688 chars)
[scraper] Step 7a: caplog pre-verify beacon
[scraper] Step 7: buildVDataForPost (standalone, browser profile)
[scraper]   vData: 9_rx52bpqzgUKWXgjEvLtv1n1nVoK*...
[scraper] Step 8: verify
  [verify] using jQuery prebuilt body, length: 8212
  [verify] Referer: https://t.captcha.qq.com/cap_union_new_show?aid=2046626881&protocol=https&accver...
[scraper]   errorCode: 9, ticket: none
[scraper] Step 9: caplog post-verify beacon
[scraper]   Failed with errorCode 9, retrying...
[scraper] Attempt 1 failed: CAPTCHA verify returned errorCode 9
[scraper] Attempt 2/3
[scraper] Attempt 1/3
[scraper] Step 1: prehandle
[scraper]   sess: s1MX89pEueuETS5BXhtS...
[scraper] Step 2: getSig
[scraper]   nonce: eda1152f11f1daf0
[scraper] Step 3: downloadImages
[scraper]   bg: 18117 bytes, slice: 5582 bytes
[scraper] Step 4: downloadTdc
[scraper]   tdc source: 162790 chars
[scraper] Step 4b: fetch tcaptcha-slide.js (HAR entry 6)
[scraper]   tcaptcha-slide.js fetched
[scraper]   TDC_NAME: DkPDkCnAekYMgVghTDOeSKmVZbkVCQUG
[scraper]   Source hash: e2170903e201e018
[scraper]   Template: unknown, opcodes: 93
[scraper]   eks: XVi/kyL8XzoYIbOYwPVz...
[scraper] Step 5: solveSlider
[scraper]   rawOffset: 495
[scraper]   ans: 495,40;
[scraper] Step 6: generateCollect
[scraper]   Chrome profile: 60 cd fields (canonical 59, reordered via 60-slot cdFieldOrder)
[scraper]   collect length: 6252
[scraper] Fetching vm-slide from show page HTML: https://t.captcha.qq.com/vm-slide.e201876f.enc.js
[scraper]   Got live vm-slide (43688 chars)
[scraper] Step 7a: caplog pre-verify beacon
[scraper] Step 7: buildVDataForPost (standalone, browser profile)
[scraper]   vData: -Iq3xF474Ut2Kc98LMr5FjyFxQPzt6...
[scraper] Step 8: verify
  [verify] using jQuery prebuilt body, length: 8031
  [verify] Referer: https://t.captcha.qq.com/cap_union_new_show?aid=2046626881&protocol=https&accver...
[scraper]   errorCode: 12, ticket: none
[scraper] Step 9: caplog post-verify beacon
[scraper]   Failed with errorCode 12, retrying...
[scraper] Attempt 2/3
[scraper] Step 1: prehandle
[scraper]   sess: s1-jsBSkINklHYzWFVJw...
[scraper] Step 2: getSig
[scraper]   nonce: eda1152f11f1daf0
[scraper] Step 3: downloadImages
[scraper]   bg: 15403 bytes, slice: 4987 bytes
[scraper] Step 4: downloadTdc
[scraper]   tdc source: 207422 chars
[scraper] Step 4b: fetch tcaptcha-slide.js (HAR entry 6)
[scraper]   tcaptcha-slide.js fetched
[scraper]   TDC_NAME: GCDJAPicKHeHfOBnnYMEdUgUkTnAhOFV
[scraper]   Source hash: 8f1d32beb4fcaa4d
[scraper]   Template: unknown, opcodes: 96
[scraper]   eks: nQkyZv8kGDmk2GnBbGDJ...
[scraper] Step 5: solveSlider
[scraper]   rawOffset: 461
[scraper]   ans: 461,34;
[scraper] Step 6: generateCollect
[scraper]   Chrome profile: 60 cd fields (canonical 59, reordered via 60-slot cdFieldOrder)
[scraper]   collect length: 5592
[scraper] Fetching vm-slide from show page HTML: https://t.captcha.qq.com/vm-slide.e201876f.enc.js
[scraper]   Got live vm-slide (43688 chars)
[scraper] Step 7a: caplog pre-verify beacon
[scraper] Step 7: buildVDataForPost (standalone, browser profile)
[scraper]   vData: VueBKpkQNbhk8PJ_PeBGUmxP5ONA_y...
[scraper] Step 8: verify
  [verify] using jQuery prebuilt body, length: 7333
  [verify] Referer: https://t.captcha.qq.com/cap_union_new_show?aid=2046626881&protocol=https&accver...
[scraper]   errorCode: 12, ticket: none
[scraper] Step 9: caplog post-verify beacon
[scraper]   Failed with errorCode 12, retrying...
[scraper] Attempt 3/3
[scraper] Step 1: prehandle
[scraper]   sess: s1dIKqtnW8DaDsF2OmpL...
[scraper] Step 2: getSig
[scraper]   nonce: eda1152f11f1daf0
[scraper] Step 3: downloadImages
[scraper]   bg: 25337 bytes, slice: 5021 bytes
[scraper] Step 4: downloadTdc
[scraper]   tdc source: 199611 chars
[scraper] Step 4b: fetch tcaptcha-slide.js (HAR entry 6)
[scraper]   tcaptcha-slide.js fetched
[scraper]   TDC_NAME: BGDfWkdQOJJJTnHCNCnZRJZJSeFRWONJ
[scraper]   Source hash: 3429444f324c6110
[scraper]   Template: unknown, opcodes: 91
[scraper]   eks: eFa+1H4xoFYFmL6G20t5...
[scraper] Step 5: solveSlider
[scraper]   rawOffset: 467
[scraper]   ans: 467,58;
[scraper] Step 6: generateCollect
[scraper]   Chrome profile: 60 cd fields (canonical 59, reordered via 60-slot cdFieldOrder)
[scraper]   collect length: 6424
[scraper] Fetching vm-slide from show page HTML: https://t.captcha.qq.com/vm-slide.e201876f.enc.js
[scraper]   Got live vm-slide (43688 chars)
[scraper] Step 7a: caplog pre-verify beacon
[scraper] Step 7: buildVDataForPost (standalone, browser profile)
[scraper]   vData: K4qseriCvqNo0mrgrZxaBqr7AgHxHf...
[scraper] Step 8: verify
  [verify] using jQuery prebuilt body, length: 8212
  [verify] Referer: https://t.captcha.qq.com/cap_union_new_show?aid=2046626881&protocol=https&accver...
[scraper]   errorCode: 12, ticket: none
[scraper] Step 9: caplog post-verify beacon
[scraper]   Failed with errorCode 12, retrying...
[scraper] Attempt 2 failed: CAPTCHA verify returned errorCode 12
[scraper] Attempt 3/3
[scraper] Attempt 1/3
[scraper] Step 1: prehandle
[scraper]   sess: s1SBSw4pnG5w0QA3DEVv...
[scraper] Step 2: getSig
[scraper]   nonce: eda1152f11f1daf0
[scraper] Step 3: downloadImages
[scraper]   bg: 24711 bytes, slice: 6707 bytes
[scraper] Step 4: downloadTdc
[scraper]   tdc source: 207422 chars
[scraper] Step 4b: fetch tcaptcha-slide.js (HAR entry 6)
[scraper]   tcaptcha-slide.js fetched
[scraper]   TDC_NAME: GCDJAPicKHeHfOBnnYMEdUgUkTnAhOFV
[scraper]   Source hash: 8f1d32beb4fcaa4d
[scraper]   Template: unknown, opcodes: 96
[scraper]   eks: BwWenwBsu36bLe+eISlH...
[scraper] Step 5: solveSlider
[scraper]   rawOffset: 474
[scraper]   ans: 474,30;
[scraper] Step 6: generateCollect
[scraper]   Chrome profile: 60 cd fields (canonical 59, reordered via 60-slot cdFieldOrder)
[scraper]   collect length: 5644
[scraper] Fetching vm-slide from show page HTML: https://t.captcha.qq.com/vm-slide.e201876f.enc.js
[scraper]   Got live vm-slide (43688 chars)
[scraper] Step 7a: caplog pre-verify beacon
[scraper] Step 7: buildVDataForPost (standalone, browser profile)
[scraper]   vData: -Iq3xF474Ut2Kc98LMr5FRBoGFark0...
[scraper] Step 8: verify
  [verify] using jQuery prebuilt body, length: 7397
  [verify] Referer: https://t.captcha.qq.com/cap_union_new_show?aid=2046626881&protocol=https&accver...
[scraper]   errorCode: 12, ticket: none
[scraper] Step 9: caplog post-verify beacon
[scraper]   Failed with errorCode 12, retrying...
[scraper] Attempt 2/3
[scraper] Step 1: prehandle
[scraper]   sess: s1mSAyJgKFHbt6W85N4W...
[scraper] Step 2: getSig
[scraper]   nonce: eda1152f11f1daf0
[scraper] Step 3: downloadImages
[scraper]   bg: 24777 bytes, slice: 6121 bytes
[scraper] Step 4: downloadTdc
[scraper]   tdc source: 129582 chars
[scraper] Step 4b: fetch tcaptcha-slide.js (HAR entry 6)
[scraper]   tcaptcha-slide.js fetched
[scraper]   TDC_NAME: XcabTONObCYZeEGNPRmPGBQbTmYKEAHj
[scraper]   Source hash: e6a45ba64d246f82
[scraper]   Template: unknown, opcodes: 98
[scraper]   eks: abIn0O2d1AWXumbGyDj9...
[scraper] Step 5: solveSlider
[scraper]   rawOffset: 481
[scraper]   ans: 481,30;
[scraper] Step 6: generateCollect
[scraper]   Chrome profile: 60 cd fields (canonical 59, reordered via 60-slot cdFieldOrder)
[scraper]   collect length: 6144
[scraper] Fetching vm-slide from show page HTML: https://t.captcha.qq.com/vm-slide.e201876f.enc.js
[scraper]   Got live vm-slide (43688 chars)
[scraper] Step 7a: caplog pre-verify beacon
[scraper] Step 7: buildVDataForPost (standalone, browser profile)
[scraper]   vData: DmNhtOyU*-Em-t9Z11t1XEFmFD0WRO...
[scraper] Step 8: verify
  [verify] using jQuery prebuilt body, length: 7917
  [verify] Referer: https://t.captcha.qq.com/cap_union_new_show?aid=2046626881&protocol=https&accver...
[scraper]   errorCode: 12, ticket: none
[scraper] Step 9: caplog post-verify beacon
[scraper]   Failed with errorCode 12, retrying...
[scraper] Attempt 3/3
[scraper] Step 1: prehandle
[scraper]   sess: s1rtPEEB12JVSKgCMm7k...
[scraper] Step 2: getSig
[scraper]   nonce: eda1152f11f1daf0
[scraper] Step 3: downloadImages
[scraper]   bg: 12406 bytes, slice: 3872 bytes
[scraper] Step 4: downloadTdc
[scraper]   tdc source: 144440 chars
[scraper] Step 4b: fetch tcaptcha-slide.js (HAR entry 6)
[scraper]   tcaptcha-slide.js fetched
[scraper]   TDC_NAME: SlVCfKSRjkmVXRnTigehmWSaDkeUUNfk
[scraper]   Source hash: e5341ccb12b78e65
[scraper]   Template: unknown, opcodes: 96
[scraper]   eks: cQkDkorteLdC4qKm/PWB...
[scraper] Step 5: solveSlider
[scraper]   rawOffset: 454
[scraper]   ans: 454,38;
[scraper] Step 6: generateCollect
[scraper]   Chrome profile: 60 cd fields (canonical 59, reordered via 60-slot cdFieldOrder)
[scraper]   collect length: 6508
[scraper] Fetching vm-slide from show page HTML: https://t.captcha.qq.com/vm-slide.e201876f.enc.js
[scraper]   Got live vm-slide (43688 chars)
[scraper] Step 7a: caplog pre-verify beacon
[scraper] Step 7: buildVDataForPost (standalone, browser profile)
[scraper]   vData: ed0FNEDmGsgjfhnCwiBahHLln7UM_j...
[scraper] Step 8: verify
  [verify] using jQuery prebuilt body, length: 8332
  [verify] Referer: https://t.captcha.qq.com/cap_union_new_show?aid=2046626881&protocol=https&accver...
[scraper]   errorCode: 12, ticket: none
[scraper] Step 9: caplog post-verify beacon
[scraper]   Failed with errorCode 12, retrying...
[scraper] Attempt 3 failed: CAPTCHA verify returned errorCode 12
Error: CAPTCHA solve failed after 3 attempts: CAPTCHA verify returned errorCode 12
---
=== attempt 30/30 @ 2026-04-16T13:03:31Z ===
[scraper] Template cache loaded and seeded
[scraper] Default profile loaded
[scraper] jQuery source loaded (96410 chars)
[scraper] vm-slide fallback loaded (43688 chars)
[scraper] vData profile loaded from /home/ubun/github.com/tut1vog/reverse-chaosvm/profiles/vdata-browser-default.json
[scraper] Chrome fingerprint profile loaded (59 canonical fields)
[scraper] Init complete
[scraper] Solving CAPTCHA only (no urlsec query)
[scraper] Attempt 1/3
[scraper] Attempt 1/3
[scraper] Step 1: prehandle
[scraper]   sess: s1eXXSbfY3nC7iCpGwtG...
[scraper] Step 2: getSig
[scraper]   nonce: eda1152f11f1daf0
[scraper] Step 3: downloadImages
[scraper]   bg: 11535 bytes, slice: 6389 bytes
[scraper] Step 4: downloadTdc
[scraper]   tdc source: 202765 chars
[scraper] Step 4b: fetch tcaptcha-slide.js (HAR entry 6)
[scraper]   tcaptcha-slide.js fetched
[scraper]   TDC_NAME: HhXakMGlnYKgNcBiVFZCDckSRgJKTmgA
[scraper]   Source hash: 27dda893f81dbc4f
[scraper]   Template: unknown, opcodes: 103
[scraper]   eks: Ggk+dka0k8dzrRf/B+9O...
[scraper] Step 5: solveSlider
[scraper]   rawOffset: 469
[scraper]   ans: 469,30;
[scraper] Step 6: generateCollect
[scraper]   Chrome profile: 60 cd fields (canonical 59, reordered via 60-slot cdFieldOrder)
[scraper]   collect length: 6176
[scraper] Fetching vm-slide from show page HTML: https://t.captcha.qq.com/vm-slide.e201876f.enc.js
[scraper]   Got live vm-slide (43688 chars)
[scraper] Step 7a: caplog pre-verify beacon
[scraper] Step 7: buildVDataForPost (standalone, browser profile)
[scraper]   vData: -Iq3xF474Ut2Kc98LMr5F22r1B321k...
[scraper] Step 8: verify
  [verify] using jQuery prebuilt body, length: 7979
  [verify] Referer: https://t.captcha.qq.com/cap_union_new_show?aid=2046626881&protocol=https&accver...
[scraper]   errorCode: 12, ticket: none
[scraper] Step 9: caplog post-verify beacon
[scraper]   Failed with errorCode 12, retrying...
[scraper] Attempt 2/3
[scraper] Step 1: prehandle
[scraper]   sess: s1bisJv58QeZkmZDXdBL...
[scraper] Step 2: getSig
[scraper]   nonce: eda1152f11f1daf0
[scraper] Step 3: downloadImages
[scraper]   bg: 24981 bytes, slice: 5456 bytes
[scraper] Step 4: downloadTdc
[scraper]   tdc source: 144440 chars
[scraper] Step 4b: fetch tcaptcha-slide.js (HAR entry 6)
[scraper]   tcaptcha-slide.js fetched
[scraper]   TDC_NAME: SlVCfKSRjkmVXRnTigehmWSaDkeUUNfk
[scraper]   Source hash: e5341ccb12b78e65
[scraper]   Template: unknown, opcodes: 96
[scraper]   eks: jNJA2sKqIJ2j/6YD7spA...
[scraper] Step 5: solveSlider
[scraper]   rawOffset: 465
[scraper]   ans: 465,52;
[scraper] Step 6: generateCollect
[scraper]   Chrome profile: 60 cd fields (canonical 59, reordered via 60-slot cdFieldOrder)
[scraper]   collect length: 6188
[scraper] Fetching vm-slide from show page HTML: https://t.captcha.qq.com/vm-slide.e201876f.enc.js
[scraper]   Got live vm-slide (43688 chars)
[scraper] Step 7a: caplog pre-verify beacon
[scraper] Step 7: buildVDataForPost (standalone, browser profile)
[scraper]   vData: -Iq3xF474Ut2Kc98LMr5Fj1sJNk_9C...
[scraper] Step 8: verify
  [verify] using jQuery prebuilt body, length: 8025
  [verify] Referer: https://t.captcha.qq.com/cap_union_new_show?aid=2046626881&protocol=https&accver...
[scraper]   errorCode: 12, ticket: none
[scraper] Step 9: caplog post-verify beacon
[scraper]   Failed with errorCode 12, retrying...
[scraper] Attempt 3/3
[scraper] Step 1: prehandle
[scraper]   sess: s1EphwYb3fOCwhDp9Bqa...
[scraper] Step 2: getSig
[scraper]   nonce: eda1152f11f1daf0
[scraper] Step 3: downloadImages
[scraper]   bg: 20517 bytes, slice: 6940 bytes
[scraper] Step 4: downloadTdc
[scraper]   tdc source: 161122 chars
[scraper] Step 4b: fetch tcaptcha-slide.js (HAR entry 6)
[scraper]   tcaptcha-slide.js fetched
[scraper]   TDC_NAME: gUbSKiHCiVNcdeXaKTECbTOEkdOclkcR
[scraper]   Source hash: 02fd132edb24a8c1
[scraper]   Template: C, opcodes: 100
[scraper]   eks: 8OB5y2HNLiFviMCGH3qK...
[scraper] Step 5: solveSlider
[scraper]   rawOffset: 470
[scraper]   ans: 470,53;
[scraper] Step 6: generateCollect
[scraper]   Chrome profile: 60 cd fields (canonical 59, reordered via 60-slot cdFieldOrder)
[scraper]   collect length: 6336
[scraper] Fetching vm-slide from show page HTML: https://t.captcha.qq.com/vm-slide.e201876f.enc.js
[scraper]   Got live vm-slide (43688 chars)
[scraper] Step 7a: caplog pre-verify beacon
[scraper] Step 7: buildVDataForPost (standalone, browser profile)
[scraper]   vData: VueBKpkQNbhk8PJ_PeBGUrZa0SQPFx...
[scraper] Step 8: verify
  [verify] using jQuery prebuilt body, length: 8078
  [verify] Referer: https://t.captcha.qq.com/cap_union_new_show?aid=2046626881&protocol=https&accver...
[scraper]   errorCode: 12, ticket: none
[scraper] Step 9: caplog post-verify beacon
[scraper]   Failed with errorCode 12, retrying...
[scraper] Attempt 1 failed: CAPTCHA verify returned errorCode 12
[scraper] Attempt 2/3
[scraper] Attempt 1/3
[scraper] Step 1: prehandle
[scraper]   sess: s1qF5qDedwIXeu75wPNf...
[scraper] Step 2: getSig
[scraper]   nonce: eda1152f11f1daf0
[scraper] Step 3: downloadImages
[scraper]   bg: 27895 bytes, slice: 8840 bytes
[scraper] Step 4: downloadTdc
[scraper]   tdc source: 199611 chars
[scraper] Step 4b: fetch tcaptcha-slide.js (HAR entry 6)
[scraper]   tcaptcha-slide.js fetched
[scraper]   TDC_NAME: BGDfWkdQOJJJTnHCNCnZRJZJSeFRWONJ
[scraper]   Source hash: 3429444f324c6110
[scraper]   Template: unknown, opcodes: 91
[scraper]   eks: YkeKfy5z4F8yjLLacWlu...
[scraper] Step 5: solveSlider
[scraper]   rawOffset: 394
[scraper]   ans: 394,30;
[scraper] Step 6: generateCollect
[scraper]   Chrome profile: 60 cd fields (canonical 59, reordered via 60-slot cdFieldOrder)
[scraper]   collect length: 6028
[scraper] Fetching vm-slide from show page HTML: https://t.captcha.qq.com/vm-slide.e201876f.enc.js
[scraper]   Got live vm-slide (43688 chars)
[scraper] Step 7a: caplog pre-verify beacon
[scraper] Step 7: buildVDataForPost (standalone, browser profile)
[scraper]   vData: RU_A7JQPdBER*r1DP3GbjtsvC82O8W...
[scraper] Step 8: verify
  [verify] using jQuery prebuilt body, length: 7835
  [verify] Referer: https://t.captcha.qq.com/cap_union_new_show?aid=2046626881&protocol=https&accver...
[scraper]   errorCode: 9, ticket: none
[scraper] Step 9: caplog post-verify beacon
[scraper]   Failed with errorCode 9, retrying...
[scraper] Attempt 2/3
[scraper] Step 1: prehandle
[scraper]   sess: s1_JBv5eiBZLO9erYVth...
[scraper] Step 2: getSig
[scraper]   nonce: eda1152f11f1daf0
[scraper] Step 3: downloadImages
[scraper]   bg: 18138 bytes, slice: 5736 bytes
[scraper] Step 4: downloadTdc
[scraper]   tdc source: 197545 chars
[scraper] Step 4b: fetch tcaptcha-slide.js (HAR entry 6)
[scraper]   tcaptcha-slide.js fetched
[scraper]   TDC_NAME: dNiffQDBnfBhFYVHJUXMVbRchmDEmPaH
[scraper]   Source hash: f53142c54fc43699
[scraper]   Source hash not in cache — attempting auto-port via pipeline...
[scraper] Auto-porting unknown template: f53142c54fc43699
[scraper] Auto-port failed for f53142c54fc43699: Command failed: /home/ubun/.nvm/versions/node/v22.17.0/bin/node /home/ubun/github.com/tut1vog/reverse-chaosvm/tools/porting-pipeline/run.js /tmp/tdc-autoport-f53142c54fc43699.js --skip-verify

[scraper]   Error: Unknown template (hash=f53142c54fc43699), auto-port failed
[scraper] Attempt 3/3
[scraper] Step 1: prehandle
[scraper]   sess: s16HvCRAtPIyvpI_xAvf...
[scraper] Step 2: getSig
[scraper]   nonce: eda1152f11f1daf0
[scraper] Step 3: downloadImages
[scraper]   bg: 12407 bytes, slice: 4240 bytes
[scraper] Step 4: downloadTdc
[scraper]   tdc source: 129582 chars
[scraper] Step 4b: fetch tcaptcha-slide.js (HAR entry 6)
[scraper]   tcaptcha-slide.js fetched
[scraper]   TDC_NAME: XcabTONObCYZeEGNPRmPGBQbTmYKEAHj
[scraper]   Source hash: e6a45ba64d246f82
[scraper]   Template: unknown, opcodes: 98
[scraper]   eks: e4CU0h7Yldmg0evnMaLy...
[scraper] Step 5: solveSlider
[scraper]   rawOffset: 456
[scraper]   ans: 456,30;
[scraper] Step 6: generateCollect
[scraper]   Chrome profile: 60 cd fields (canonical 59, reordered via 60-slot cdFieldOrder)
[scraper]   collect length: 6572
[scraper] Fetching vm-slide from show page HTML: https://t.captcha.qq.com/vm-slide.e201876f.enc.js
[scraper]   Got live vm-slide (43688 chars)
[scraper] Step 7a: caplog pre-verify beacon
[scraper] Step 7: buildVDataForPost (standalone, browser profile)
[scraper]   vData: VueBKpkQNbhk8PJ_PeBGUrZa0SQPFx...
[scraper] Step 8: verify
  [verify] using jQuery prebuilt body, length: 8382
  [verify] Referer: https://t.captcha.qq.com/cap_union_new_show?aid=2046626881&protocol=https&accver...
[scraper]   errorCode: 12, ticket: none
[scraper] Step 9: caplog post-verify beacon
[scraper]   Failed with errorCode 12, retrying...
[scraper] Attempt 2 failed: CAPTCHA verify returned errorCode 12
[scraper] Attempt 3/3
[scraper] Attempt 1/3
[scraper] Step 1: prehandle
[scraper]   sess: s1aB29HWa-881ejQP7Ec...
[scraper] Step 2: getSig
[scraper]   nonce: eda1152f11f1daf0
[scraper] Step 3: downloadImages
[scraper]   bg: 12433 bytes, slice: 4270 bytes
[scraper] Step 4: downloadTdc
[scraper]   tdc source: 199611 chars
[scraper] Step 4b: fetch tcaptcha-slide.js (HAR entry 6)
[scraper]   tcaptcha-slide.js fetched
[scraper]   TDC_NAME: BGDfWkdQOJJJTnHCNCnZRJZJSeFRWONJ
[scraper]   Source hash: 3429444f324c6110
[scraper]   Template: unknown, opcodes: 91
[scraper]   eks: yPKsrYJPtBxwGIR2/y9D...
[scraper] Step 5: solveSlider
[scraper]   rawOffset: 459
[scraper]   ans: 459,54;
[scraper] Step 6: generateCollect
[scraper]   Chrome profile: 60 cd fields (canonical 59, reordered via 60-slot cdFieldOrder)
[scraper]   collect length: 6412
[scraper] Fetching vm-slide from show page HTML: https://t.captcha.qq.com/vm-slide.e201876f.enc.js
[scraper]   Got live vm-slide (43688 chars)
[scraper] Step 7a: caplog pre-verify beacon
[scraper] Step 7: buildVDataForPost (standalone, browser profile)
[scraper]   vData: dSaPMguxRdN4iUjzW8IGu9X0i_qRFK...
[scraper] Step 8: verify
  [verify] using jQuery prebuilt body, length: 8255
  [verify] Referer: https://t.captcha.qq.com/cap_union_new_show?aid=2046626881&protocol=https&accver...
[scraper]   errorCode: 12, ticket: none
[scraper] Step 9: caplog post-verify beacon
[scraper]   Failed with errorCode 12, retrying...
[scraper] Attempt 2/3
[scraper] Step 1: prehandle
[scraper]   sess: s1vQsqitkDKcY6LIUPpd...
[scraper] Step 2: getSig
[scraper]   nonce: eda1152f11f1daf0
[scraper] Step 3: downloadImages
[scraper]   bg: 13703 bytes, slice: 5522 bytes
[scraper] Step 4: downloadTdc
[scraper]   tdc source: 162790 chars
[scraper] Step 4b: fetch tcaptcha-slide.js (HAR entry 6)
[scraper]   tcaptcha-slide.js fetched
[scraper]   TDC_NAME: DkPDkCnAekYMgVghTDOeSKmVZbkVCQUG
[scraper]   Source hash: e2170903e201e018
[scraper]   Template: unknown, opcodes: 93
[scraper]   eks: Lwhj2ip90ZLY8WI5cyro...
[scraper] Step 5: solveSlider
[scraper]   rawOffset: 487
[scraper]   ans: 487,130;
[scraper] Step 6: generateCollect
[scraper]   Chrome profile: 60 cd fields (canonical 59, reordered via 60-slot cdFieldOrder)
[scraper]   collect length: 6680
[scraper] Fetching vm-slide from show page HTML: https://t.captcha.qq.com/vm-slide.e201876f.enc.js
[scraper]   Got live vm-slide (43688 chars)
[scraper] Step 7a: caplog pre-verify beacon
[scraper] Step 7: buildVDataForPost (standalone, browser profile)
[scraper]   vData: jk7qmOeXdZaO-Sqk-B9yj7auvtp0-I...
[scraper] Step 8: verify
  [verify] using jQuery prebuilt body, length: 8462
  [verify] Referer: https://t.captcha.qq.com/cap_union_new_show?aid=2046626881&protocol=https&accver...
[scraper]   errorCode: 12, ticket: none
[scraper] Step 9: caplog post-verify beacon
[scraper]   Failed with errorCode 12, retrying...
[scraper] Attempt 3/3
[scraper] Step 1: prehandle
[scraper]   sess: s1ef4xgOK2dldMYQvS-k...
[scraper] Step 2: getSig
[scraper]   nonce: eda1152f11f1daf0
[scraper] Step 3: downloadImages
[scraper]   bg: 25246 bytes, slice: 5452 bytes
[scraper] Step 4: downloadTdc
[scraper]   tdc source: 162790 chars
[scraper] Step 4b: fetch tcaptcha-slide.js (HAR entry 6)
[scraper]   tcaptcha-slide.js fetched
[scraper]   TDC_NAME: DkPDkCnAekYMgVghTDOeSKmVZbkVCQUG
[scraper]   Source hash: e2170903e201e018
[scraper]   Template: unknown, opcodes: 93
[scraper]   eks: 6lwexzw6BC9kQPusXZhz...
[scraper] Step 5: solveSlider
[scraper]   rawOffset: 450
[scraper]   ans: 450,125;
[scraper] Step 6: generateCollect
[scraper]   Chrome profile: 60 cd fields (canonical 59, reordered via 60-slot cdFieldOrder)
[scraper]   collect length: 6368
[scraper] Fetching vm-slide from show page HTML: https://t.captcha.qq.com/vm-slide.e201876f.enc.js
[scraper]   Got live vm-slide (43688 chars)
[scraper] Step 7a: caplog pre-verify beacon
[scraper] Step 7: buildVDataForPost (standalone, browser profile)
[scraper]   vData: Uh5m8nhwlU2tIHP3yQamsJ6Tj6Cobc...
[scraper] Step 8: verify
  [verify] using jQuery prebuilt body, length: 8171
  [verify] Referer: https://t.captcha.qq.com/cap_union_new_show?aid=2046626881&protocol=https&accver...
[scraper]   errorCode: 12, ticket: none
[scraper] Step 9: caplog post-verify beacon
[scraper]   Failed with errorCode 12, retrying...
[scraper] Attempt 3 failed: CAPTCHA verify returned errorCode 12
Error: CAPTCHA solve failed after 3 attempts: CAPTCHA verify returned errorCode 12
---
